/*
Navicat MySQL Data Transfer

Source Server         : 本地
Source Server Version : 50540
Source Host           : localhost:3306
Source Database       : runoob

Target Server Type    : MYSQL
Target Server Version : 50540
File Encoding         : 65001

Date: 2020-04-24 18:02:34
*/

SET FOREIGN_KEY_CHECKS=0;

-- ----------------------------
-- Table structure for act_evt_log
-- ----------------------------
DROP TABLE IF EXISTS `act_evt_log`;
CREATE TABLE `act_evt_log` (
  `LOG_NR_` bigint(20) NOT NULL AUTO_INCREMENT,
  `TYPE_` varchar(64) COLLATE utf8_bin DEFAULT NULL,
  `PROC_DEF_ID_` varchar(64) COLLATE utf8_bin DEFAULT NULL,
  `PROC_INST_ID_` varchar(64) COLLATE utf8_bin DEFAULT NULL,
  `EXECUTION_ID_` varchar(64) COLLATE utf8_bin DEFAULT NULL,
  `TASK_ID_` varchar(64) COLLATE utf8_bin DEFAULT NULL,
  `TIME_STAMP_` timestamp NOT NULL DEFAULT CURRENT_TIMESTAMP ON UPDATE CURRENT_TIMESTAMP,
  `USER_ID_` varchar(255) COLLATE utf8_bin DEFAULT NULL,
  `DATA_` longblob,
  `LOCK_OWNER_` varchar(255) COLLATE utf8_bin DEFAULT NULL,
  `LOCK_TIME_` timestamp NULL DEFAULT NULL,
  `IS_PROCESSED_` tinyint(4) DEFAULT '0',
  PRIMARY KEY (`LOG_NR_`)
) ENGINE=InnoDB DEFAULT CHARSET=utf8 COLLATE=utf8_bin;

-- ----------------------------
-- Records of act_evt_log
-- ----------------------------

-- ----------------------------
-- Table structure for act_ge_bytearray
-- ----------------------------
DROP TABLE IF EXISTS `act_ge_bytearray`;
CREATE TABLE `act_ge_bytearray` (
  `ID_` varchar(64) COLLATE utf8_bin NOT NULL DEFAULT '',
  `REV_` int(11) DEFAULT NULL,
  `NAME_` varchar(255) COLLATE utf8_bin DEFAULT NULL,
  `DEPLOYMENT_ID_` varchar(64) COLLATE utf8_bin DEFAULT NULL,
  `BYTES_` longblob,
  `GENERATED_` tinyint(4) DEFAULT NULL,
  PRIMARY KEY (`ID_`),
  KEY `ACT_FK_BYTEARR_DEPL` (`DEPLOYMENT_ID_`),
  CONSTRAINT `ACT_FK_BYTEARR_DEPL` FOREIGN KEY (`DEPLOYMENT_ID_`) REFERENCES `act_re_deployment` (`ID_`)
) ENGINE=InnoDB DEFAULT CHARSET=utf8 COLLATE=utf8_bin;

-- ----------------------------
-- Records of act_ge_bytearray
-- ----------------------------
INSERT INTO `act_ge_bytearray` VALUES ('2', '1', 'D:\\kaifa\\sts-workspace\\java-basic-springboot\\target\\classes\\bpmn\\vacation.bpmn', '1', 0x3C3F786D6C2076657273696F6E3D22312E302220656E636F64696E673D225554462D38223F3E0A3C646566696E6974696F6E7320786D6C6E733D22687474703A2F2F7777772E6F6D672E6F72672F737065632F42504D4E2F32303130303532342F4D4F44454C2220786D6C6E733A7873693D22687474703A2F2F7777772E77332E6F72672F323030312F584D4C536368656D612D696E7374616E63652220786D6C6E733A7873643D22687474703A2F2F7777772E77332E6F72672F323030312F584D4C536368656D612220786D6C6E733A61637469766974693D22687474703A2F2F61637469766974692E6F72672F62706D6E2220786D6C6E733A62706D6E64693D22687474703A2F2F7777772E6F6D672E6F72672F737065632F42504D4E2F32303130303532342F44492220786D6C6E733A6F6D6764633D22687474703A2F2F7777772E6F6D672E6F72672F737065632F44442F32303130303532342F44432220786D6C6E733A6F6D6764693D22687474703A2F2F7777772E6F6D672E6F72672F737065632F44442F32303130303532342F44492220747970654C616E67756167653D22687474703A2F2F7777772E77332E6F72672F323030312F584D4C536368656D61222065787072657373696F6E4C616E67756167653D22687474703A2F2F7777772E77332E6F72672F313939392F585061746822207461726765744E616D6573706163653D22687474703A2F2F7777772E61637469766974692E6F72672F74657374223E0A20203C70726F636573732069643D226D7950726F6365737322206E616D653D227661636174696F6E50726F636573732220697345786563757461626C653D2274727565223E0A202020203C73746172744576656E742069643D2273746172746576656E743122206E616D653D225374617274223E3C2F73746172744576656E743E0A202020203C757365725461736B2069643D22757365727461736B3122206E616D653D22E58F91E8B5B7E794B3E8AFB7223E3C2F757365725461736B3E0A202020203C757365725461736B2069643D22757365727461736B3222206E616D653D22E983A8E997A8E8B49FE8B4A3E4BABA223E3C2F757365725461736B3E0A202020203C757365725461736B2069643D22757365727461736B3322206E616D653D22E7BB8FE79086E5AEA1E689B9223E3C2F757365725461736B3E0A202020203C656E644576656E742069643D22656E646576656E743122206E616D653D22456E64223E3C2F656E644576656E743E0A202020203C73657175656E6365466C6F772069643D22666C6F77312220736F757263655265663D2273746172746576656E743122207461726765745265663D22757365727461736B31223E3C2F73657175656E6365466C6F773E0A202020203C73657175656E6365466C6F772069643D22666C6F77322220736F757263655265663D22757365727461736B3122207461726765745265663D22757365727461736B32223E3C2F73657175656E6365466C6F773E0A202020203C73657175656E6365466C6F772069643D22666C6F77332220736F757263655265663D22757365727461736B3222207461726765745265663D22757365727461736B33223E3C2F73657175656E6365466C6F773E0A202020203C73657175656E6365466C6F772069643D22666C6F77342220736F757263655265663D22757365727461736B3322207461726765745265663D22656E646576656E7431223E3C2F73657175656E6365466C6F773E0A20203C2F70726F636573733E0A20203C62706D6E64693A42504D4E4469616772616D2069643D2242504D4E4469616772616D5F6D7950726F63657373223E0A202020203C62706D6E64693A42504D4E506C616E652062706D6E456C656D656E743D226D7950726F63657373222069643D2242504D4E506C616E655F6D7950726F63657373223E0A2020202020203C62706D6E64693A42504D4E53686170652062706D6E456C656D656E743D2273746172746576656E7431222069643D2242504D4E53686170655F73746172746576656E7431223E0A20202020202020203C6F6D6764633A426F756E6473206865696768743D2233352E30222077696474683D2233352E302220783D223331302E302220793D223233302E30223E3C2F6F6D6764633A426F756E64733E0A2020202020203C2F62706D6E64693A42504D4E53686170653E0A2020202020203C62706D6E64693A42504D4E53686170652062706D6E456C656D656E743D22757365727461736B31222069643D2242504D4E53686170655F757365727461736B31223E0A20202020202020203C6F6D6764633A426F756E6473206865696768743D2235352E30222077696474683D223130352E302220783D223431302E302220793D223232302E30223E3C2F6F6D6764633A426F756E64733E0A2020202020203C2F62706D6E64693A42504D4E53686170653E0A2020202020203C62706D6E64693A42504D4E53686170652062706D6E456C656D656E743D22757365727461736B32222069643D2242504D4E53686170655F757365727461736B32223E0A20202020202020203C6F6D6764633A426F756E6473206865696768743D2235352E30222077696474683D223130352E302220783D223538302E302220793D223232302E30223E3C2F6F6D6764633A426F756E64733E0A2020202020203C2F62706D6E64693A42504D4E53686170653E0A2020202020203C62706D6E64693A42504D4E53686170652062706D6E456C656D656E743D22757365727461736B33222069643D2242504D4E53686170655F757365727461736B33223E0A20202020202020203C6F6D6764633A426F756E6473206865696768743D2235352E30222077696474683D223130352E302220783D223736302E302220793D223232302E30223E3C2F6F6D6764633A426F756E64733E0A2020202020203C2F62706D6E64693A42504D4E53686170653E0A2020202020203C62706D6E64693A42504D4E53686170652062706D6E456C656D656E743D22656E646576656E7431222069643D2242504D4E53686170655F656E646576656E7431223E0A20202020202020203C6F6D6764633A426F756E6473206865696768743D2233352E30222077696474683D2233352E302220783D223934302E302220793D223233302E30223E3C2F6F6D6764633A426F756E64733E0A2020202020203C2F62706D6E64693A42504D4E53686170653E0A2020202020203C62706D6E64693A42504D4E456467652062706D6E456C656D656E743D22666C6F7731222069643D2242504D4E456467655F666C6F7731223E0A20202020202020203C6F6D6764693A776179706F696E7420783D223334352E302220793D223234372E30223E3C2F6F6D6764693A776179706F696E743E0A20202020202020203C6F6D6764693A776179706F696E7420783D223431302E302220793D223234372E30223E3C2F6F6D6764693A776179706F696E743E0A2020202020203C2F62706D6E64693A42504D4E456467653E0A2020202020203C62706D6E64693A42504D4E456467652062706D6E456C656D656E743D22666C6F7732222069643D2242504D4E456467655F666C6F7732223E0A20202020202020203C6F6D6764693A776179706F696E7420783D223531352E302220793D223234372E30223E3C2F6F6D6764693A776179706F696E743E0A20202020202020203C6F6D6764693A776179706F696E7420783D223538302E302220793D223234372E30223E3C2F6F6D6764693A776179706F696E743E0A2020202020203C2F62706D6E64693A42504D4E456467653E0A2020202020203C62706D6E64693A42504D4E456467652062706D6E456C656D656E743D22666C6F7733222069643D2242504D4E456467655F666C6F7733223E0A20202020202020203C6F6D6764693A776179706F696E7420783D223638352E302220793D223234372E30223E3C2F6F6D6764693A776179706F696E743E0A20202020202020203C6F6D6764693A776179706F696E7420783D223736302E302220793D223234372E30223E3C2F6F6D6764693A776179706F696E743E0A2020202020203C2F62706D6E64693A42504D4E456467653E0A2020202020203C62706D6E64693A42504D4E456467652062706D6E456C656D656E743D22666C6F7734222069643D2242504D4E456467655F666C6F7734223E0A20202020202020203C6F6D6764693A776179706F696E7420783D223836352E302220793D223234372E30223E3C2F6F6D6764693A776179706F696E743E0A20202020202020203C6F6D6764693A776179706F696E7420783D223934302E302220793D223234372E30223E3C2F6F6D6764693A776179706F696E743E0A2020202020203C2F62706D6E64693A42504D4E456467653E0A202020203C2F62706D6E64693A42504D4E506C616E653E0A20203C2F62706D6E64693A42504D4E4469616772616D3E0A3C2F646566696E6974696F6E733E, '0');
INSERT INTO `act_ge_bytearray` VALUES ('2502', '1', 'vacation.bpmn', '2501', 0x3C3F786D6C2076657273696F6E3D22312E302220656E636F64696E673D225554462D38223F3E0A3C646566696E6974696F6E7320786D6C6E733D22687474703A2F2F7777772E6F6D672E6F72672F737065632F42504D4E2F32303130303532342F4D4F44454C2220786D6C6E733A7873693D22687474703A2F2F7777772E77332E6F72672F323030312F584D4C536368656D612D696E7374616E63652220786D6C6E733A7873643D22687474703A2F2F7777772E77332E6F72672F323030312F584D4C536368656D612220786D6C6E733A61637469766974693D22687474703A2F2F61637469766974692E6F72672F62706D6E2220786D6C6E733A62706D6E64693D22687474703A2F2F7777772E6F6D672E6F72672F737065632F42504D4E2F32303130303532342F44492220786D6C6E733A6F6D6764633D22687474703A2F2F7777772E6F6D672E6F72672F737065632F44442F32303130303532342F44432220786D6C6E733A6F6D6764693D22687474703A2F2F7777772E6F6D672E6F72672F737065632F44442F32303130303532342F44492220747970654C616E67756167653D22687474703A2F2F7777772E77332E6F72672F323030312F584D4C536368656D61222065787072657373696F6E4C616E67756167653D22687474703A2F2F7777772E77332E6F72672F313939392F585061746822207461726765744E616D6573706163653D22687474703A2F2F7777772E61637469766974692E6F72672F74657374223E0A20203C70726F636573732069643D226D7950726F6365737322206E616D653D227661636174696F6E50726F636573732220697345786563757461626C653D2274727565223E0A202020203C73746172744576656E742069643D2273746172746576656E743122206E616D653D225374617274223E3C2F73746172744576656E743E0A202020203C757365725461736B2069643D22757365727461736B3122206E616D653D22E58F91E8B5B7E794B3E8AFB7223E3C2F757365725461736B3E0A202020203C757365725461736B2069643D22757365727461736B3222206E616D653D22E983A8E997A8E8B49FE8B4A3E4BABA223E3C2F757365725461736B3E0A202020203C757365725461736B2069643D22757365727461736B3322206E616D653D22E7BB8FE79086E5AEA1E689B9223E3C2F757365725461736B3E0A202020203C656E644576656E742069643D22656E646576656E743122206E616D653D22456E64223E3C2F656E644576656E743E0A202020203C73657175656E6365466C6F772069643D22666C6F77312220736F757263655265663D2273746172746576656E743122207461726765745265663D22757365727461736B31223E3C2F73657175656E6365466C6F773E0A202020203C73657175656E6365466C6F772069643D22666C6F77322220736F757263655265663D22757365727461736B3122207461726765745265663D22757365727461736B32223E3C2F73657175656E6365466C6F773E0A202020203C73657175656E6365466C6F772069643D22666C6F77332220736F757263655265663D22757365727461736B3222207461726765745265663D22757365727461736B33223E3C2F73657175656E6365466C6F773E0A202020203C73657175656E6365466C6F772069643D22666C6F77342220736F757263655265663D22757365727461736B3322207461726765745265663D22656E646576656E7431223E3C2F73657175656E6365466C6F773E0A20203C2F70726F636573733E0A20203C62706D6E64693A42504D4E4469616772616D2069643D2242504D4E4469616772616D5F6D7950726F63657373223E0A202020203C62706D6E64693A42504D4E506C616E652062706D6E456C656D656E743D226D7950726F63657373222069643D2242504D4E506C616E655F6D7950726F63657373223E0A2020202020203C62706D6E64693A42504D4E53686170652062706D6E456C656D656E743D2273746172746576656E7431222069643D2242504D4E53686170655F73746172746576656E7431223E0A20202020202020203C6F6D6764633A426F756E6473206865696768743D2233352E30222077696474683D2233352E302220783D223331302E302220793D223233302E30223E3C2F6F6D6764633A426F756E64733E0A2020202020203C2F62706D6E64693A42504D4E53686170653E0A2020202020203C62706D6E64693A42504D4E53686170652062706D6E456C656D656E743D22757365727461736B31222069643D2242504D4E53686170655F757365727461736B31223E0A20202020202020203C6F6D6764633A426F756E6473206865696768743D2235352E30222077696474683D223130352E302220783D223431302E302220793D223232302E30223E3C2F6F6D6764633A426F756E64733E0A2020202020203C2F62706D6E64693A42504D4E53686170653E0A2020202020203C62706D6E64693A42504D4E53686170652062706D6E456C656D656E743D22757365727461736B32222069643D2242504D4E53686170655F757365727461736B32223E0A20202020202020203C6F6D6764633A426F756E6473206865696768743D2235352E30222077696474683D223130352E302220783D223538302E302220793D223232302E30223E3C2F6F6D6764633A426F756E64733E0A2020202020203C2F62706D6E64693A42504D4E53686170653E0A2020202020203C62706D6E64693A42504D4E53686170652062706D6E456C656D656E743D22757365727461736B33222069643D2242504D4E53686170655F757365727461736B33223E0A20202020202020203C6F6D6764633A426F756E6473206865696768743D2235352E30222077696474683D223130352E302220783D223736302E302220793D223232302E30223E3C2F6F6D6764633A426F756E64733E0A2020202020203C2F62706D6E64693A42504D4E53686170653E0A2020202020203C62706D6E64693A42504D4E53686170652062706D6E456C656D656E743D22656E646576656E7431222069643D2242504D4E53686170655F656E646576656E7431223E0A20202020202020203C6F6D6764633A426F756E6473206865696768743D2233352E30222077696474683D2233352E302220783D223934302E302220793D223233302E30223E3C2F6F6D6764633A426F756E64733E0A2020202020203C2F62706D6E64693A42504D4E53686170653E0A2020202020203C62706D6E64693A42504D4E456467652062706D6E456C656D656E743D22666C6F7731222069643D2242504D4E456467655F666C6F7731223E0A20202020202020203C6F6D6764693A776179706F696E7420783D223334352E302220793D223234372E30223E3C2F6F6D6764693A776179706F696E743E0A20202020202020203C6F6D6764693A776179706F696E7420783D223431302E302220793D223234372E30223E3C2F6F6D6764693A776179706F696E743E0A2020202020203C2F62706D6E64693A42504D4E456467653E0A2020202020203C62706D6E64693A42504D4E456467652062706D6E456C656D656E743D22666C6F7732222069643D2242504D4E456467655F666C6F7732223E0A20202020202020203C6F6D6764693A776179706F696E7420783D223531352E302220793D223234372E30223E3C2F6F6D6764693A776179706F696E743E0A20202020202020203C6F6D6764693A776179706F696E7420783D223538302E302220793D223234372E30223E3C2F6F6D6764693A776179706F696E743E0A2020202020203C2F62706D6E64693A42504D4E456467653E0A2020202020203C62706D6E64693A42504D4E456467652062706D6E456C656D656E743D22666C6F7733222069643D2242504D4E456467655F666C6F7733223E0A20202020202020203C6F6D6764693A776179706F696E7420783D223638352E302220793D223234372E30223E3C2F6F6D6764693A776179706F696E743E0A20202020202020203C6F6D6764693A776179706F696E7420783D223736302E302220793D223234372E30223E3C2F6F6D6764693A776179706F696E743E0A2020202020203C2F62706D6E64693A42504D4E456467653E0A2020202020203C62706D6E64693A42504D4E456467652062706D6E456C656D656E743D22666C6F7734222069643D2242504D4E456467655F666C6F7734223E0A20202020202020203C6F6D6764693A776179706F696E7420783D223836352E302220793D223234372E30223E3C2F6F6D6764693A776179706F696E743E0A20202020202020203C6F6D6764693A776179706F696E7420783D223934302E302220793D223234372E30223E3C2F6F6D6764693A776179706F696E743E0A2020202020203C2F62706D6E64693A42504D4E456467653E0A202020203C2F62706D6E64693A42504D4E506C616E653E0A20203C2F62706D6E64693A42504D4E4469616772616D3E0A3C2F646566696E6974696F6E733E, '0');
INSERT INTO `act_ge_bytearray` VALUES ('2503', '1', 'vacation.myProcess.png', '2501', 0x89504E470D0A1A0A0000000D49484452000003D90000011D08060000001852A46100000F924944415478DAEDDD5D6C95F51D07702EBDF4CE4BEFBCF4CEAB79E1B23BAF96605A4F5B620D2FC15A63637829160429AC2E36C128D09BC505A6234AC2706484ADC01A3B46039308B35B239109525ADB9C300BA5B4B67DF6FF771C727AA0D8D7730E3C9F4FF20BACA7207BCE37CFF9FEFBBC2D5B0600000000000000000000000000000000000000000000000000000000000000000000000000000000000000000000000000000000000000000000000000000000000000000000000000000000000000000000000000000000000000000000000000000000000000000000000000000000000000000000000000000000000000000000000000000000000000000000000000000000000000000000000000000000000000000000000000000000000000000000000000000000000000000000000000000000000000000000000000000000000000000000000000000000000000000000000000000000000000000000000000000000000000000000000000000000000000000000000000000000000000000000000000000000000000000000000000000000000000000000000000000000000000000000000000000000000000000000000000000000000000000000000000000000000000000000000000000000000000000000000000000000000000000000000000000000000000000000000000000000000000000000000000000000000000000000000000000000000000000000000000000000000000000000000000000000000000000000000000000000000000000000000000000000000000000000000000000000000000000000000000000000000000000000000000000000000000000000000000000000000000000000000000000000000000000000000000000000000000000000000000000000000000000000000000000000000000000000000000000000000000000000000000000000000000000000000000000000000000000000000000000000000000000000000000000000000000000000000000000000000000000000000000000000000000000000000000000000000000000000000000000000000000000000000000000000000000000000000000000000000000000000000000000000000000000000000000000000000000000000000000000000000000000000000000000000000000000000000000000000000000000000000000000000000000000000000000000000000000000000000000000000000000000000000000000000000000000000000000000000000000000000000000000000000000000000000000000000000000000000000000299124C963972E5DFAEEF4E9D3C989132792F6F676530673FCF8F1E4F3CF3F9F0CD326A5722AA7F26CE419007848C4A2D7D9D9990C0C0C24A3A3A3A68C66707030E9E8E8980CC5AF554EE5544EE5D9C83300F01088475214BDF22E7CEDEDEDA3722AA7722ACF469E018087403C5551A92AEF89A731CAA99CCAA93C1B7906001E02B1482854CA9E9C1A39956723CF004011CBDECDFFF62597CEFE36E93EBE7D6AE2EFE3D79431654F4E8D9CCAB33C0300CCA1ECDDB8DE9B7CF5E72DC9F93FAD9F36F16BF135854CD9935323A7F22CCF0000B32C7BDF75FFF19EA2979BABDD471432654F4E8D9CCAB33C0300CCB6ECFDFBAFBF9EB1ECC5D71432654F4E8D9CCAB33C0300CCB2EC7DD5BE6DC6B2175F53C8943D3935722ACFF2CC4FA9ACAC7C2ACCFB2FBEF8E2994C26733DFC3A1E26C94DF8DA44F8F546F89E9EF0FB7D619EB5D50016595353D3937BF7EEFD5B7373F3F0E6CD9B27EAEAEA92EAEAEABB3BE3356BD6241B366C98DCBE7DFBADF07DFF7AEBADB77E6EAB297BCA9E9CCAA99CCAB391E7F2515151B121F4B66BF90BEA39CC8D30BF79EEB9E71EB325011660C78E1D6F6EDBB6ED564D4D4DB265CB96E4F0E1C3C9850B1792818181647C7C3CC9C966B3494F4F4F72ECD8B1A4B5B53559B162455C748F873FF33B3BE3C52B7BF1AEB63395BDF89A42A6ECC9A991537996670A85C5F18A3037E7B9B82E9CD17874DB560598A38686869F6DDAB4E9D6AA55AB9283070F4E2DA2E7626C6C2C3975EAD4D4C2BCAEAE6E22FC3D3B6CD58597BD8BA776CF58F6E26B0A99B227A7464EE5599E2958609F2E5C28C7B3115B5A5AA63A5E777777D2D7D7978C8C8CDCED70F160CAD75F7F9D1C3A7468EAFBE2C193FB2CB607C3DFF38C2D0C300B61617C70E5CA95C9BE7DFB92E1E1E164A1CE9E3D9BAC5EBD3A79E59557FA3299CC13B6F0FCCB5EB6F742F2D55FB6DE7BCA62F85A7C4D2153F6E4D4C8A93CCB3351EC5C77AEB7BEBB30AEADAD4D3EFAE8A3A945F45CC43E18CF666C686898B6D0AEACAC9C0CFF8D065B1BE0011A1B1BFFF5EAABAF265F7CF145B298868686923D7BF6C49DFBF8F2E5CB9FB6A5E757F6E2FCE71FFBEF297BF16BCA98B227A7464EE5599EC92DB0C322F887FC05713CBB301EB15E8878A9E0D1A347A7DD9727CC64586CB7DAEA00332CB0EBEBEBE7FCD3CDB93870E04052535333F9C20B2FFCC2169F47D9BB7D3BB9F8F7B67B4F590C5F8BAF2964CA9E9C1A39956779A6F008763C2D3CFF5E3A0BD5DBDB9BAC5FBFBEF0A8F6DBB63C409E788A783C82BD940BEC9CCF3EFB2C2EB41DD19E63D9BB71BD37F9FAD407335E1B185F8BDFA394297B722AA7F6A8F22CCFE955780D765757D792F4B9780D77BC5E3BFF88765555D5F3DE018065FFBFC959BC06FBCB2FBF4C8AE5E38F3F1EAFAEAEEE73E7F15994BDDBB793BE8B27937F1E7B73C6A2979BF83DF17B1D5D51F6E4544E9167794EE5027B45E111ECA5146F92B673E7CE69CFD78ECFE0F64E00A9D7D8D838126F72566CAFBFFE7ADC117FEA1D98B9ECFDD451144757943D3935722ACFF24C4EE855B7F2AFC15ECC53C41F74DF9D7883DBBCD3C6CF792780548BCFC18E8FE95A8CBB88CFE77A9EAAAAAA493FF19CB9ECCDE628CA838EAE2868CA9E9CCA29F22CCFE9505151B121FF2EE20BBDC9D95CC41BE6E69F369EC9649EF58E00A9B56DDBB65BF11988A5F2CE3BEFDC8ED70E7927EE5FF6E65BF472A3A0297B722AA7C8B33CA743E853FDB9856E7C4C57B1B5B6B6E62FB4CF784780546A6A6A7AB2A6A626C966B3255B64F7F6F64EC49F78BA367BF68F9231CA9E9C1A39956779265F3C2B30B7C08D8FD72AC68D6C0B7DF3CD37D39E9FBD72E5CA27BD3340EAB4B5B59D8ED7EB94DADAB56B4733994C9DB2A7EC297B726AE4549E8D3CCF6B91FD7E6E811BEFF85D2A0D0D0DF937416BF1CE00A9D3DCDC3C7CE4C891922FB277EDDA35F4289F321EFEBF6567F34304654FD9935323A7F26CE4793E798EA76717EB8EE20FF2C9279FB8011A906E9B376F9EB870E142C917D95D5D5DB7C287C7F547F8C331F781930D1F38AB943D654F4E8D9CCAB391E7C5CC73EC51B9EFEBE9E92965A7CBBF2E3BAB6D03A953575757926B760AF5F7F78FC7E72AA6E0C3313783F7FB89B4B2A7ECC9A991537936F23C9F3C87AF8DE75E2FE65DC50B5DB97265DA33B3B56D2075E28D318AF1FCC4D9883BE3147D38DEFD096FFE87A4B2A7ECC9A991537936F23C9F3CE77F7D6464A4647D6E6C6C6CDABF51DB0652B9D32E17295D64DFFD89743CFD4BD953F6E4D4C8A93C1B799E4F9EF3FF7739743A8B6C20B5CAED4876DA47D92BFF91533995537936F25CEEE34836400995CB35D983838369BB263B37372B2B2BDFCE3D23BC9CCB5EF8E7DD778AF5BA232A725A8EB92CD7DC3AF267BF6BBF9BBE3CBB261BA04C3435354D76777797C5DDC5C3CEF887147D384E2B7939E55EF61EF4B5A57E5DD993D372CC65B9E6D6A2C47ED77E377D797677718032119F937DF4E8D172794EF699147C38DE081F822D85254FD953F6E4D4225B4EE5D97E579E1792E7F0DAF972784E76FC6FE7FD7BCF6BDB40EAECD9B3E7ECCE9D3B4BBEC8AEAFAFBF1D3E341A1EE10FC7FB1E4151F6943D39B5C8965379B6DF95E7C5C8735555555B6E71DBD2D252B24EB77EFDFABB8BECF06F6ED5B681D459B76EDDD32FBDF452323C3C5CCA67644F840576525B5BFB78DADF0F654FD993538B6C39B5DFB5DF95E7F9A8AEAE7E26B7B88D37B61D1A1A2AE9F5D87716D94F79678054DAB871E358474747C916D9BB77EF1E0E3BE11EEF84B2A7ECC9A945B69CDAEFDAEFCAF3FCE55F977DE8D0A1A277BAB6B6B6FC45F645EF08905A8D8D8D1FAC5BB7AE248FF28A47D0ABAAAA26E34F5FBD13CA9EB227A716D9726ABF6BBF2BCFF3977FCA787C824C311FE5D5DBDB3B75043DEF687AA5770448B5B0239EE8ECEC2CFA22BBB9B979C44D311E9EB2B7CCA36494BD651EE1B5CC23BCE4D97E579ECBD49D47798DE416BA870F1F2E5AA7DBBE7D7BFE51EC6BDE0D20F556AF5EBD294C72FDFAF5A2ED8CCF9D3B375655553596C9649EF00E947FD933CA9E9CCAA93C1B792E7FF947B3E391E56FBFFD76C93B5D7C524DFEB5D8151515BFF44E00046BD7AEBDFADE7BEF15E5B4F16BD7AE4D9D261E76C21B6C79654FD9935323A7F26CE479F184856E7F6EC1FBC61B6F2CE90D6E4F9D3A35ED34F130BFF70E00DC114F317AF9E5977FDCBF7FFF922EB0070606E29DC4C73399CC1F6C75654FD9935323A7F26CE479712D5FBEFCE9B0D89DC82D7CE3E35AC7C6C69664811D3A9D9B9D013C487CD4424D4DCDE452DD91321EC18E0BECB0133E6D6B2B7BCA9E9C1A39956723CF4BD6E9568599CC2D80E335D3D96C76514F112F38823DE812408019C43B7D8785F6F8871F7E38B104D7604F3A82ADEC297B726AE4549E8D3C2FBDD0B95AF2AF958E479DBBBABA167C17F1AD5BB74EBB06DB021B60763FFD7C2A2CB6FBE25DC72F5FBEBCE0C774C5BB88C79B9CB9065BD953F6E4D4C8A93C1B792E9ED8BDC22278327F51DCD2D292F4F4F4CCA9CF5DB97265EA39D80547AFA74E11B7C00698DB62FBD3B0389ED8B163C7ED4B972ECDE9C8767F7FFFC4DEBD7B87E3D1EBF0F774DB012B7BCA9E9C1A39956723CFC517BAD8F361313C5EB0384E5E7BEDB5E4C08103497C8C6BBC0B79EEBAEDF86B5C54C7A3DE070F1E4C366EDC58B8B07693338085888BE3B013ED883BE7356BD68CBEFBEEBB374E9E3C391C76BED36E439ECD6627C2CEF8D6AE5DBB86EAEBEB6F873F9784C5754F3CFDDC5654F6943D3935722ACF469E4BDEE74E171ED59EE75CF3982E8045126FA27167C13D18E6C7FC1D6ED879C7BB58DE087326FCBEA1B6B6F6715B4CD953F6E4D4C8A93C1B792E1FF1E047E86A9DF937459BC35C0C7FBED2560440D933CA9E9CCA29F22CCFE4890743EE5CAF7DE6CEC193F1FB1C3CC986391F16E4EFC7FBF5D86A00287B46D9935339459EE5190050F68CB227A7464EE5D9C83300A0EC297B726AE4549E8D3C0300CA9E51F6E4544EE5D9C83300A0EC19654F4E8D9CCAB33C0300143A71E28442A5ECC9A991537936F20C002C86CECECE89818101A5AA4CE7EAD5AB9743D91B95533995537936F20C003C044E9E3CF9AB8E8E8EC9EFBFFF5EB92AC3A277FCF8F11FC3B4CAA99CCAA93C1B7906001E12A14CBCDDDEDE7E339E1E67CA6A46153D3995537936F20C000000000000000000000000000000000000000000000000000000000000000000008F8CFF015142DF4950557B600000000049454E44AE426082, '1');
INSERT INTO `act_ge_bytearray` VALUES ('3', '1', 'D:\\kaifa\\sts-workspace\\java-basic-springboot\\target\\classes\\bpmn\\vacation.myProcess.png', '1', 0x89504E470D0A1A0A0000000D49484452000003D90000011D08060000001852A46100000F924944415478DAEDDD5D6C95F51D07702EBDF4CE4BEFBCF4CEAB79E1B23BAF96605A4F5B620D2FC15A63637829160429AC2E36C128D09BC505A6234AC2706484ADC01A3B46039308B35B239109525ADB9C300BA5B4B67DF6FF771C727AA0D8D7730E3C9F4FF20BACA7207BCE37CFF9FEFBBC2D5B0600000000000000000000000000000000000000000000000000000000000000000000000000000000000000000000000000000000000000000000000000000000000000000000000000000000000000000000000000000000000000000000000000000000000000000000000000000000000000000000000000000000000000000000000000000000000000000000000000000000000000000000000000000000000000000000000000000000000000000000000000000000000000000000000000000000000000000000000000000000000000000000000000000000000000000000000000000000000000000000000000000000000000000000000000000000000000000000000000000000000000000000000000000000000000000000000000000000000000000000000000000000000000000000000000000000000000000000000000000000000000000000000000000000000000000000000000000000000000000000000000000000000000000000000000000000000000000000000000000000000000000000000000000000000000000000000000000000000000000000000000000000000000000000000000000000000000000000000000000000000000000000000000000000000000000000000000000000000000000000000000000000000000000000000000000000000000000000000000000000000000000000000000000000000000000000000000000000000000000000000000000000000000000000000000000000000000000000000000000000000000000000000000000000000000000000000000000000000000000000000000000000000000000000000000000000000000000000000000000000000000000000000000000000000000000000000000000000000000000000000000000000000000000000000000000000000000000000000000000000000000000000000000000000000000000000000000000000000000000000000000000000000000000000000000000000000000000000000000000000000000000000000000000000000000000000000000000000000000000000000000000000000000000000000000000000000000000000000000000000000000000000000000000000000000000000000000000000000000000000000000299124C963972E5DFAEEF4E9D3C989132792F6F676530673FCF8F1E4F3CF3F9F0CD326A5722AA7F26CE419007848C4A2D7D9D9990C0C0C24A3A3A3A68C66707030E9E8E8980CC5AF554EE5544EE5D9C83300F01088475214BDF22E7CEDEDEDA3722AA7722ACF469E018087403C5551A92AEF89A731CAA99CCAA93C1B7906001E02B1482854CA9E9C1A39956723CF004011CBDECDFFF62597CEFE36E93EBE7D6AE2EFE3D79431654F4E8D9CCAB33C0300CCA1ECDDB8DE9B7CF5E72DC9F93FAD9F36F16BF135854CD9935323A7F22CCF0000B32C7BDF75FFF19EA2979BABDD471432654F4E8D9CCAB33C0300CCB6ECFDFBAFBF9EB1ECC5D71432654F4E8D9CCAB33C0300CCB2EC7DD5BE6DC6B2175F53C8943D3935722ACFF2CC4FA9ACAC7C2ACCFB2FBEF8E2994C26733DFC3A1E26C94DF8DA44F8F546F89E9EF0FB7D619EB5D50016595353D3937BF7EEFD5B7373F3F0E6CD9B27EAEAEA92EAEAEABB3BE3356BD6241B366C98DCBE7DFBADF07DFF7AEBADB77E6EAB297BCA9E9CCAA99CCAB391E7F2515151B121F4B66BF90BEA39CC8D30BF79EEB9E71EB325011660C78E1D6F6EDBB6ED564D4D4DB265CB96E4F0E1C3C9850B1792818181647C7C3CC9C966B3494F4F4F72ECD8B1A4B5B53559B162455C748F873FF33B3BE3C52B7BF1AEB63395BDF89A42A6ECC9A991537996670A85C5F18A3037E7B9B82E9CD17874DB560598A38686869F6DDAB4E9D6AA55AB9283070F4E2DA2E7626C6C2C3975EAD4D4C2BCAEAE6E22FC3D3B6CD58597BD8BA776CF58F6E26B0A99B227A7464EE5599E2958609F2E5C28C7B3115B5A5AA63A5E777777D2D7D7978C8C8CDCED70F160CAD75F7F9D1C3A7468EAFBE2C193FB2CB607C3DFF38C2D0C300B61617C70E5CA95C9BE7DFB92E1E1E164A1CE9E3D9BAC5EBD3A79E59557FA3299CC13B6F0FCCB5EB6F742F2D55FB6DE7BCA62F85A7C4D2153F6E4D4C8A93CCB3351EC5C77AEB7BEBB30AEADAD4D3EFAE8A3A945F45CC43E18CF666C686898B6D0AEACAC9C0CFF8D065B1BE0011A1B1BFFF5EAABAF265F7CF145B298868686923D7BF6C49DFBF8F2E5CB9FB6A5E757F6E2FCE71FFBEF297BF16BCA98B227A7464EE5599EC92DB0C322F887FC05713CBB301EB15E8878A9E0D1A347A7DD9727CC64586CB7DAEA00332CB0EBEBEBE7FCD3CDB93870E04052535333F9C20B2FFCC2169F47D9BB7D3BB9F8F7B67B4F590C5F8BAF2964CA9E9C1A39956779A6F008763C2D3CFF5E3A0BD5DBDB9BAC5FBFBEF0A8F6DBB63C409E788A783C82BD940BEC9CCF3EFB2C2EB41DD19E63D9BB71BD37F9FAD407335E1B185F8BDFA394297B722AA7F6A8F22CCFE955780D765757D792F4B9780D77BC5E3BFF88765555D5F3DE018065FFBFC959BC06FBCB2FBF4C8AE5E38F3F1EAFAEAEEE73E7F15994BDDBB793BE8B27937F1E7B73C6A2979BF83DF17B1D5D51F6E4544E9167794EE5027B45E111ECA5146F92B673E7CE69CFD78ECFE0F64E00A9D7D8D838126F72566CAFBFFE7ADC117FEA1D98B9ECFDD451144757943D3935722ACFF24C4EE855B7F2AFC15ECC53C41F74DF9D7883DBBCD3C6CF792780548BCFC18E8FE95A8CBB88CFE77A9EAAAAAA493FF19CB9ECCDE628CA838EAE2868CA9E9CCA29F22CCFE9505151B121FF2EE20BBDC9D95CC41BE6E69F369EC9649EF58E00A9B56DDBB65BF11988A5F2CE3BEFDC8ED70E7927EE5FF6E65BF472A3A0297B722AA7C8B33CA743E853FDB9856E7C4C57B1B5B6B6E62FB4CF784780546A6A6A7AB2A6A626C966B3255B64F7F6F64EC49F78BA367BF68F9231CA9E9C1A39956779265F3C2B30B7C08D8FD72AC68D6C0B7DF3CD37D39E9FBD72E5CA27BD3340EAB4B5B59D8ED7EB94DADAB56B4733994C9DB2A7EC297B726AE4549E8D3CCF6B91FD7E6E811BEFF85D2A0D0D0DF937416BF1CE00A9D3DCDC3C7CE4C891922FB277EDDA35F4289F321EFEBF6567F34304654FD9935323A7F26CE4793E798EA76717EB8EE20FF2C9279FB8011A906E9B376F9EB870E142C917D95D5D5DB7C287C7F547F8C331F781930D1F38AB943D654F4E8D9CCAB391E7C5CC73EC51B9EFEBE9E92965A7CBBF2E3BAB6D03A953575757926B760AF5F7F78FC7E72AA6E0C3313783F7FB89B4B2A7ECC9A991537936F23C9F3C87AF8DE75E2FE65DC50B5DB97265DA33B3B56D2075E28D318AF1FCC4D9883BE3147D38DEFD096FFE87A4B2A7ECC9A991537936F23C9F3CE77F7D6464A4647D6E6C6C6CDABF51DB0652B9D32E17295D64DFFD89743CFD4BD953F6E4D4C8A93C1B799E4F9EF3FF7739743A8B6C20B5CAED4876DA47D92BFF91533995537936F25CEEE34836400995CB35D983838369BB263B37372B2B2BDFCE3D23BC9CCB5EF8E7DD778AF5BA232A725A8EB92CD7DC3AF267BF6BBF9BBE3CBB261BA04C3435354D76777797C5DDC5C3CEF887147D384E2B7939E55EF61EF4B5A57E5DD993D372CC65B9E6D6A2C47ED77E377D797677718032119F937DF4E8D172794EF699147C38DE081F822D85254FD953F6E4D4225B4EE5D97E579E1792E7F0DAF972784E76FC6FE7FD7BCF6BDB40EAECD9B3E7ECCE9D3B4BBEC8AEAFAFBF1D3E341A1EE10FC7FB1E4151F6943D39B5C8965379B6DF95E7C5C8735555555B6E71DBD2D252B24EB77EFDFABB8BECF06F6ED5B681D459B76EDDD32FBDF452323C3C5CCA67644F840576525B5BFB78DADF0F654FD993538B6C39B5DFB5DF95E7F9A8AEAE7E26B7B88D37B61D1A1A2AE9F5D87716D94F79678054DAB871E358474747C916D9BB77EF1E0E3BE11EEF84B2A7ECC9A945B69CDAEFDAEFCAF3FCE55F977DE8D0A1A277BAB6B6B6FC45F645EF08905A8D8D8D1FAC5BB7AE248FF28A47D0ABAAAA26E34F5FBD13CA9EB227A716D9726ABF6BBF2BCFF3977FCA787C824C311FE5D5DBDB3B75043DEF687AA5770448B5B0239EE8ECEC2CFA22BBB9B979C44D311E9EB2B7CCA36494BD651EE1B5CC23BCE4D97E579ECBD49D47798DE416BA870F1F2E5AA7DBBE7D7BFE51EC6BDE0D20F556AF5EBD294C72FDFAF5A2ED8CCF9D3B375655553596C9649EF00E947FD933CA9E9CCAA93C1B792E7FF947B3E391E56FBFFD76C93B5D7C524DFEB5D8151515BFF44E00046BD7AEBDFADE7BEF15E5B4F16BD7AE4D9D261E76C21B6C79654FD9935323A7F26CE479F184856E7F6EC1FBC61B6F2CE90D6E4F9D3A35ED34F130BFF70E00DC114F317AF9E5977FDCBF7FFF922EB0070606E29DC4C73399CC1F6C75654FD9935323A7F26CE479712D5FBEFCE9B0D89DC82D7CE3E35AC7C6C69664811D3A9D9B9D013C487CD4424D4DCDE452DD91321EC18E0BECB0133E6D6B2B7BCA9E9C1A39956723CF4BD6E9568599CC2D80E335D3D96C76514F112F38823DE812408019C43B7D8785F6F8871F7E38B104D7604F3A82ADEC297B726AE4549E8D3C2FBDD0B95AF2AF958E479DBBBABA167C17F1AD5BB74EBB06DB021B60763FFD7C2A2CB6FBE25DC72F5FBEBCE0C774C5BB88C79B9CB9065BD953F6E4D4C8A93C1B792E9ED8BDC22278327F51DCD2D292F4F4F4CCA9CF5DB97265EA39D80547AFA74E11B7C00698DB62FBD3B0389ED8B163C7ED4B972ECDE9C8767F7FFFC4DEBD7B87E3D1EBF0F774DB012B7BCA9E9C1A39956723CFC517BAD8F361313C5EB0384E5E7BEDB5E4C08103497C8C6BBC0B79EEBAEDF86B5C54C7A3DE070F1E4C366EDC58B8B07693338085888BE3B013ED883BE7356BD68CBEFBEEBB374E9E3C391C76BED36E439ECD6627C2CEF8D6AE5DBB86EAEBEB6F873F9784C5754F3CFDDC5654F6943D3935722ACF469E4BDEE74E171ED59EE75CF3982E8045126FA27167C13D18E6C7FC1D6ED879C7BB58DE087326FCBEA1B6B6F6715B4CD953F6E4D4C8A93C1B792E1FF1E047E86A9DF937459BC35C0C7FBED2560440D933CA9E9CCA29F22CCFE4890743EE5CAF7DE6CEC193F1FB1C3CC986391F16E4EFC7FBF5D86A00287B46D9935339459EE5190050F68CB227A7464EE5D9C83300A0EC297B726AE4549E8D3C0300CA9E51F6E4544EE5D9C83300A0EC19654F4E8D9CCAB33C0300143A71E28442A5ECC9A991537936F20C002C86CECECE89818101A5AA4CE7EAD5AB9743D91B95533995537936F20C003C044E9E3CF9AB8E8E8EC9EFBFFF5EB92AC3A277FCF8F11FC3B4CAA99CCAA93C1B7906001E12A14CBCDDDEDE7E339E1E67CA6A46153D3995537936F20C000000000000000000000000000000000000000000000000000000000000000000008F8CFF015142DF4950557B600000000049454E44AE426082, '1');
INSERT INTO `act_ge_bytearray` VALUES ('5002', '1', 'D:\\kaifa\\sts-workspace\\java-basic-springboot\\target\\classes\\bpmn\\LeaveProcess.bpmn', '5001', 0x3C3F786D6C2076657273696F6E3D22312E302220656E636F64696E673D225554462D38223F3E0A3C646566696E6974696F6E7320786D6C6E733D22687474703A2F2F7777772E6F6D672E6F72672F737065632F42504D4E2F32303130303532342F4D4F44454C2220786D6C6E733A7873693D22687474703A2F2F7777772E77332E6F72672F323030312F584D4C536368656D612D696E7374616E63652220786D6C6E733A7873643D22687474703A2F2F7777772E77332E6F72672F323030312F584D4C536368656D612220786D6C6E733A61637469766974693D22687474703A2F2F61637469766974692E6F72672F62706D6E2220786D6C6E733A62706D6E64693D22687474703A2F2F7777772E6F6D672E6F72672F737065632F42504D4E2F32303130303532342F44492220786D6C6E733A6F6D6764633D22687474703A2F2F7777772E6F6D672E6F72672F737065632F44442F32303130303532342F44432220786D6C6E733A6F6D6764693D22687474703A2F2F7777772E6F6D672E6F72672F737065632F44442F32303130303532342F44492220747970654C616E67756167653D22687474703A2F2F7777772E77332E6F72672F323030312F584D4C536368656D61222065787072657373696F6E4C616E67756167653D22687474703A2F2F7777772E77332E6F72672F313939392F585061746822207461726765744E616D6573706163653D22687474703A2F2F7777772E61637469766974692E6F72672F74657374223E0A20203C70726F636573732069643D226C6561766550726F6365737322206E616D653D224C6561766550726F636573732220697345786563757461626C653D2274727565223E0A202020203C73746172744576656E742069643D2273746172746576656E743122206E616D653D225374617274223E3C2F73746172744576656E743E0A202020203C757365725461736B2069643D22656D706C6F79656522206E616D653D22E58F91E8B5B7E794B3E8AFB7222061637469766974693A61737369676E65653D22247B656D706C6F7965654E616D657D223E0A2020202020203C646F63756D656E746174696F6E3EE794B3E8AFB7E4BABAE58F91E8B5B7E794B3E8AFB73C2F646F63756D656E746174696F6E3E0A202020203C2F757365725461736B3E0A202020203C73657175656E6365466C6F772069643D22666C6F77312220736F757263655265663D2273746172746576656E743122207461726765745265663D22656D706C6F796565223E3C2F73657175656E6365466C6F773E0A202020203C757365725461736B2069643D226C6561646572436865636B22206E616D653D22E9A286E5AFBCE5AEA1E689B9222061637469766974693A61737369676E65653D22247B6C6561644E616D657D223E3C2F757365725461736B3E0A202020203C73657175656E6365466C6F772069643D22666C6F77322220736F757263655265663D22656D706C6F79656522207461726765745265663D226C6561646572436865636B223E3C2F73657175656E6365466C6F773E0A202020203C6578636C7573697665476174657761792069643D226578636C7573697665676174657761793122206E616D653D224578636C75736976652047617465776179223E3C2F6578636C7573697665476174657761793E0A202020203C757365725461736B2069643D224A696E676C6931436865636B22206E616D653D22E7BB8FE7908631E5AEA1E689B9222061637469766974693A61737369676E65653D22E7BB8FE7908631223E3C2F757365725461736B3E0A202020203C757365725461736B2069643D224A696E676C6932436865636B22206E616D653D22E7BB8FE7908632E5AEA1E689B9222061637469766974693A61737369676E65653D22E7BB8FE7908632223E3C2F757365725461736B3E0A202020203C757365725461736B2069643D224A696E676C6933436865636B22206E616D653D22E7BB8FE7908633E5AEA1E689B9222061637469766974693A61737369676E65653D22E7BB8FE7908633223E3C2F757365725461736B3E0A202020203C73657175656E6365466C6F772069643D22666C6F77313022206E616D653D22E5908CE6848F2C312D33E5A4A92220736F757263655265663D226578636C7573697665676174657761793122207461726765745265663D224A696E676C6931436865636B223E0A2020202020203C636F6E646974696F6E45787072657373696F6E207873693A747970653D2274466F726D616C45787072657373696F6E223E3C215B43444154415B247B6461793E3026266461793C3D3326266C6561646572526573756C743D3D317D5D5D3E3C2F636F6E646974696F6E45787072657373696F6E3E0A202020203C2F73657175656E6365466C6F773E0A202020203C73657175656E6365466C6F772069643D22666C6F77313122206E616D653D22E5908CE6848F2C35E5A4A9E4BBA5E4B88A2220736F757263655265663D226578636C7573697665676174657761793122207461726765745265663D224A696E676C6932436865636B223E0A2020202020203C636F6E646974696F6E45787072657373696F6E207873693A747970653D2274466F726D616C45787072657373696F6E223E3C215B43444154415B247B6461793E3526266C6561646572526573756C743D3D317D5D5D3E3C2F636F6E646974696F6E45787072657373696F6E3E0A202020203C2F73657175656E6365466C6F773E0A202020203C6578636C7573697665476174657761792069643D226578636C7573697665676174657761793222206E616D653D224578636C75736976652047617465776179223E3C2F6578636C7573697665476174657761793E0A202020203C73657175656E6365466C6F772069643D22666C6F7731322220736F757263655265663D224A696E676C6933436865636B22207461726765745265663D226578636C75736976656761746577617932223E3C2F73657175656E6365466C6F773E0A202020203C73657175656E6365466C6F772069643D22666C6F7731332220736F757263655265663D224A696E676C6931436865636B22207461726765745265663D226578636C75736976656761746577617932223E3C2F73657175656E6365466C6F773E0A202020203C73657175656E6365466C6F772069643D22666C6F7731342220736F757263655265663D224A696E676C6932436865636B22207461726765745265663D226578636C75736976656761746577617932223E3C2F73657175656E6365466C6F773E0A202020203C73657175656E6365466C6F772069643D22666C6F77313522206E616D653D22E5908CE6848F2C332D35E5A4A92220736F757263655265663D226578636C7573697665676174657761793122207461726765745265663D224A696E676C6933436865636B223E0A2020202020203C646F63756D656E746174696F6E3EE9A286E5AFBCE5AEA1E689B92CE9809AE8BF872CE8AFB7E58187E5A4A9E695B0332D35E5A4A93C2F646F63756D656E746174696F6E3E0A2020202020203C636F6E646974696F6E45787072657373696F6E207873693A747970653D2274466F726D616C45787072657373696F6E223E3C215B43444154415B247B6461793E3326266461793C3D3526266C6561646572526573756C743D3D317D5D5D3E3C2F636F6E646974696F6E45787072657373696F6E3E0A202020203C2F73657175656E6365466C6F773E0A202020203C656E644576656E742069643D22656E646576656E743122206E616D653D22456E64223E3C2F656E644576656E743E0A202020203C73657175656E6365466C6F772069643D22666C6F77313622206E616D653D22E5908CE6848F2220736F757263655265663D226578636C7573697665676174657761793222207461726765745265663D22656E646576656E7431223E0A2020202020203C636F6E646974696F6E45787072657373696F6E207873693A747970653D2274466F726D616C45787072657373696F6E223E3C215B43444154415B247B726573756C743D3D317D5D5D3E3C2F636F6E646974696F6E45787072657373696F6E3E0A202020203C2F73657175656E6365466C6F773E0A202020203C73657175656E6365466C6F772069643D22666C6F77313722206E616D653D22E4B88DE5908CE6848F2CE9878DE696B0E58F91E8B5B7E794B3E8AFB72220736F757263655265663D226578636C7573697665676174657761793222207461726765745265663D22656D706C6F796565223E0A2020202020203C636F6E646974696F6E45787072657373696F6E207873693A747970653D2274466F726D616C45787072657373696F6E223E3C215B43444154415B247B726573756C743D3D307D5D5D3E3C2F636F6E646974696F6E45787072657373696F6E3E0A202020203C2F73657175656E6365466C6F773E0A202020203C73657175656E6365466C6F772069643D22666C6F7731382220736F757263655265663D226C6561646572436865636B22207461726765745265663D226578636C75736976656761746577617931223E3C2F73657175656E6365466C6F773E0A202020203C73657175656E6365466C6F772069643D22666C6F77313922206E616D653D22E9A286E5AFBCE4B88DE5908CE6848F2CE9878DE696B0E794B3E8AFB72220736F757263655265663D226578636C7573697665676174657761793122207461726765745265663D22656D706C6F796565223E0A2020202020203C636F6E646974696F6E45787072657373696F6E207873693A747970653D2274466F726D616C45787072657373696F6E223E3C215B43444154415B247B6C6561646572526573756C743D3D307D5D5D3E3C2F636F6E646974696F6E45787072657373696F6E3E0A202020203C2F73657175656E6365466C6F773E0A20203C2F70726F636573733E0A20203C62706D6E64693A42504D4E4469616772616D2069643D2242504D4E4469616772616D5F6C6561766550726F63657373223E0A202020203C62706D6E64693A42504D4E506C616E652062706D6E456C656D656E743D226C6561766550726F63657373222069643D2242504D4E506C616E655F6C6561766550726F63657373223E0A2020202020203C62706D6E64693A42504D4E53686170652062706D6E456C656D656E743D2273746172746576656E7431222069643D2242504D4E53686170655F73746172746576656E7431223E0A20202020202020203C6F6D6764633A426F756E6473206865696768743D2233352E30222077696474683D2233352E302220783D223136302E302220793D223138302E30223E3C2F6F6D6764633A426F756E64733E0A2020202020203C2F62706D6E64693A42504D4E53686170653E0A2020202020203C62706D6E64693A42504D4E53686170652062706D6E456C656D656E743D22656D706C6F796565222069643D2242504D4E53686170655F656D706C6F796565223E0A20202020202020203C6F6D6764633A426F756E6473206865696768743D2235352E30222077696474683D223130352E302220783D223234302E302220793D223137302E30223E3C2F6F6D6764633A426F756E64733E0A2020202020203C2F62706D6E64693A42504D4E53686170653E0A2020202020203C62706D6E64693A42504D4E53686170652062706D6E456C656D656E743D226C6561646572436865636B222069643D2242504D4E53686170655F6C6561646572436865636B223E0A20202020202020203C6F6D6764633A426F756E6473206865696768743D2235352E30222077696474683D223130352E302220783D223434302E302220793D223137302E30223E3C2F6F6D6764633A426F756E64733E0A2020202020203C2F62706D6E64693A42504D4E53686170653E0A2020202020203C62706D6E64693A42504D4E53686170652062706D6E456C656D656E743D226578636C75736976656761746577617931222069643D2242504D4E53686170655F6578636C75736976656761746577617931223E0A20202020202020203C6F6D6764633A426F756E6473206865696768743D2234302E30222077696474683D2234302E302220783D223632352E302220793D223137392E30223E3C2F6F6D6764633A426F756E64733E0A2020202020203C2F62706D6E64693A42504D4E53686170653E0A2020202020203C62706D6E64693A42504D4E53686170652062706D6E456C656D656E743D224A696E676C6931436865636B222069643D2242504D4E53686170655F4A696E676C6931436865636B223E0A20202020202020203C6F6D6764633A426F756E6473206865696768743D2235352E30222077696474683D223130352E302220783D223833352E302220793D223137322E30223E3C2F6F6D6764633A426F756E64733E0A2020202020203C2F62706D6E64693A42504D4E53686170653E0A2020202020203C62706D6E64693A42504D4E53686170652062706D6E456C656D656E743D224A696E676C6932436865636B222069643D2242504D4E53686170655F4A696E676C6932436865636B223E0A20202020202020203C6F6D6764633A426F756E6473206865696768743D2235352E30222077696474683D223130352E302220783D223834372E302220793D223236382E30223E3C2F6F6D6764633A426F756E64733E0A2020202020203C2F62706D6E64693A42504D4E53686170653E0A2020202020203C62706D6E64693A42504D4E53686170652062706D6E456C656D656E743D224A696E676C6933436865636B222069643D2242504D4E53686170655F4A696E676C6933436865636B223E0A20202020202020203C6F6D6764633A426F756E6473206865696768743D2235352E30222077696474683D223130352E302220783D223833352E302220793D2238302E30223E3C2F6F6D6764633A426F756E64733E0A2020202020203C2F62706D6E64693A42504D4E53686170653E0A2020202020203C62706D6E64693A42504D4E53686170652062706D6E456C656D656E743D226578636C75736976656761746577617932222069643D2242504D4E53686170655F6578636C75736976656761746577617932223E0A20202020202020203C6F6D6764633A426F756E6473206865696768743D2234302E30222077696474683D2234302E302220783D223937302E302220793D223137372E30223E3C2F6F6D6764633A426F756E64733E0A2020202020203C2F62706D6E64693A42504D4E53686170653E0A2020202020203C62706D6E64693A42504D4E53686170652062706D6E456C656D656E743D22656E646576656E7431222069643D2242504D4E53686170655F656E646576656E7431223E0A20202020202020203C6F6D6764633A426F756E6473206865696768743D2233352E30222077696474683D2233352E302220783D22313035352E302220793D223138302E30223E3C2F6F6D6764633A426F756E64733E0A2020202020203C2F62706D6E64693A42504D4E53686170653E0A2020202020203C62706D6E64693A42504D4E456467652062706D6E456C656D656E743D22666C6F7731222069643D2242504D4E456467655F666C6F7731223E0A20202020202020203C6F6D6764693A776179706F696E7420783D223139352E302220793D223139372E30223E3C2F6F6D6764693A776179706F696E743E0A20202020202020203C6F6D6764693A776179706F696E7420783D223234302E302220793D223139372E30223E3C2F6F6D6764693A776179706F696E743E0A2020202020203C2F62706D6E64693A42504D4E456467653E0A2020202020203C62706D6E64693A42504D4E456467652062706D6E456C656D656E743D22666C6F7732222069643D2242504D4E456467655F666C6F7732223E0A20202020202020203C6F6D6764693A776179706F696E7420783D223334352E302220793D223139372E30223E3C2F6F6D6764693A776179706F696E743E0A20202020202020203C6F6D6764693A776179706F696E7420783D223434302E302220793D223139372E30223E3C2F6F6D6764693A776179706F696E743E0A2020202020203C2F62706D6E64693A42504D4E456467653E0A2020202020203C62706D6E64693A42504D4E456467652062706D6E456C656D656E743D22666C6F773130222069643D2242504D4E456467655F666C6F773130223E0A20202020202020203C6F6D6764693A776179706F696E7420783D223636352E302220793D223139392E30223E3C2F6F6D6764693A776179706F696E743E0A20202020202020203C6F6D6764693A776179706F696E7420783D223833352E302220793D223139392E30223E3C2F6F6D6764693A776179706F696E743E0A20202020202020203C62706D6E64693A42504D4E4C6162656C3E0A202020202020202020203C6F6D6764633A426F756E6473206865696768743D2231342E30222077696474683D2235352E302220783D223639392E302220793D223231332E30223E3C2F6F6D6764633A426F756E64733E0A20202020202020203C2F62706D6E64693A42504D4E4C6162656C3E0A2020202020203C2F62706D6E64693A42504D4E456467653E0A2020202020203C62706D6E64693A42504D4E456467652062706D6E456C656D656E743D22666C6F773131222069643D2242504D4E456467655F666C6F773131223E0A20202020202020203C6F6D6764693A776179706F696E7420783D223634352E302220793D223231392E30223E3C2F6F6D6764693A776179706F696E743E0A20202020202020203C6F6D6764693A776179706F696E7420783D223634352E302220793D223239372E30223E3C2F6F6D6764693A776179706F696E743E0A20202020202020203C6F6D6764693A776179706F696E7420783D223834372E302220793D223239352E30223E3C2F6F6D6764693A776179706F696E743E0A20202020202020203C62706D6E64693A42504D4E4C6162656C3E0A202020202020202020203C6F6D6764633A426F756E6473206865696768743D2231342E30222077696474683D2236392E302220783D223730302E302220793D223330392E30223E3C2F6F6D6764633A426F756E64733E0A20202020202020203C2F62706D6E64693A42504D4E4C6162656C3E0A2020202020203C2F62706D6E64693A42504D4E456467653E0A2020202020203C62706D6E64693A42504D4E456467652062706D6E456C656D656E743D22666C6F773132222069643D2242504D4E456467655F666C6F773132223E0A20202020202020203C6F6D6764693A776179706F696E7420783D223934302E302220793D223130372E30223E3C2F6F6D6764693A776179706F696E743E0A20202020202020203C6F6D6764693A776179706F696E7420783D223939302E302220793D223130372E30223E3C2F6F6D6764693A776179706F696E743E0A20202020202020203C6F6D6764693A776179706F696E7420783D223939302E302220793D223137372E30223E3C2F6F6D6764693A776179706F696E743E0A2020202020203C2F62706D6E64693A42504D4E456467653E0A2020202020203C62706D6E64693A42504D4E456467652062706D6E456C656D656E743D22666C6F773133222069643D2242504D4E456467655F666C6F773133223E0A20202020202020203C6F6D6764693A776179706F696E7420783D223934302E302220793D223139392E30223E3C2F6F6D6764693A776179706F696E743E0A20202020202020203C6F6D6764693A776179706F696E7420783D223937302E302220793D223139372E30223E3C2F6F6D6764693A776179706F696E743E0A2020202020203C2F62706D6E64693A42504D4E456467653E0A2020202020203C62706D6E64693A42504D4E456467652062706D6E456C656D656E743D22666C6F773134222069643D2242504D4E456467655F666C6F773134223E0A20202020202020203C6F6D6764693A776179706F696E7420783D223935322E302220793D223239352E30223E3C2F6F6D6764693A776179706F696E743E0A20202020202020203C6F6D6764693A776179706F696E7420783D223939302E302220793D223239372E30223E3C2F6F6D6764693A776179706F696E743E0A20202020202020203C6F6D6764693A776179706F696E7420783D223939302E302220793D223231372E30223E3C2F6F6D6764693A776179706F696E743E0A2020202020203C2F62706D6E64693A42504D4E456467653E0A2020202020203C62706D6E64693A42504D4E456467652062706D6E456C656D656E743D22666C6F773135222069643D2242504D4E456467655F666C6F773135223E0A20202020202020203C6F6D6764693A776179706F696E7420783D223634352E302220793D223137392E30223E3C2F6F6D6764693A776179706F696E743E0A20202020202020203C6F6D6764693A776179706F696E7420783D223634352E302220793D223130372E30223E3C2F6F6D6764693A776179706F696E743E0A20202020202020203C6F6D6764693A776179706F696E7420783D223833352E302220793D223130372E30223E3C2F6F6D6764693A776179706F696E743E0A20202020202020203C62706D6E64693A42504D4E4C6162656C3E0A202020202020202020203C6F6D6764633A426F756E6473206865696768743D2231342E30222077696474683D2235352E302220783D223639302E302220793D223132302E30223E3C2F6F6D6764633A426F756E64733E0A20202020202020203C2F62706D6E64693A42504D4E4C6162656C3E0A2020202020203C2F62706D6E64693A42504D4E456467653E0A2020202020203C62706D6E64693A42504D4E456467652062706D6E456C656D656E743D22666C6F773136222069643D2242504D4E456467655F666C6F773136223E0A20202020202020203C6F6D6764693A776179706F696E7420783D22313031302E302220793D223139372E30223E3C2F6F6D6764693A776179706F696E743E0A20202020202020203C6F6D6764693A776179706F696E7420783D22313035352E302220793D223139372E30223E3C2F6F6D6764693A776179706F696E743E0A20202020202020203C62706D6E64693A42504D4E4C6162656C3E0A202020202020202020203C6F6D6764633A426F756E6473206865696768743D2231342E30222077696474683D2232342E302220783D22313030392E302220793D223231332E30223E3C2F6F6D6764633A426F756E64733E0A20202020202020203C2F62706D6E64693A42504D4E4C6162656C3E0A2020202020203C2F62706D6E64693A42504D4E456467653E0A2020202020203C62706D6E64693A42504D4E456467652062706D6E456C656D656E743D22666C6F773137222069643D2242504D4E456467655F666C6F773137223E0A20202020202020203C6F6D6764693A776179706F696E7420783D223939302E302220793D223231372E30223E3C2F6F6D6764693A776179706F696E743E0A20202020202020203C6F6D6764693A776179706F696E7420783D223939302E302220793D223532342E30223E3C2F6F6D6764693A776179706F696E743E0A20202020202020203C6F6D6764693A776179706F696E7420783D223639302E302220793D223532342E30223E3C2F6F6D6764693A776179706F696E743E0A20202020202020203C6F6D6764693A776179706F696E7420783D223239322E302220793D223532342E30223E3C2F6F6D6764693A776179706F696E743E0A20202020202020203C6F6D6764693A776179706F696E7420783D223239322E302220793D223232352E30223E3C2F6F6D6764693A776179706F696E743E0A20202020202020203C62706D6E64693A42504D4E4C6162656C3E0A202020202020202020203C6F6D6764633A426F756E6473206865696768743D2234322E30222077696474683D223130302E302220783D223535302E302220793D223436392E30223E3C2F6F6D6764633A426F756E64733E0A20202020202020203C2F62706D6E64693A42504D4E4C6162656C3E0A2020202020203C2F62706D6E64693A42504D4E456467653E0A2020202020203C62706D6E64693A42504D4E456467652062706D6E456C656D656E743D22666C6F773138222069643D2242504D4E456467655F666C6F773138223E0A20202020202020203C6F6D6764693A776179706F696E7420783D223534352E302220793D223139372E30223E3C2F6F6D6764693A776179706F696E743E0A20202020202020203C6F6D6764693A776179706F696E7420783D223632352E302220793D223139392E30223E3C2F6F6D6764693A776179706F696E743E0A2020202020203C2F62706D6E64693A42504D4E456467653E0A2020202020203C62706D6E64693A42504D4E456467652062706D6E456C656D656E743D22666C6F773139222069643D2242504D4E456467655F666C6F773139223E0A20202020202020203C6F6D6764693A776179706F696E7420783D223634352E302220793D223137392E30223E3C2F6F6D6764693A776179706F696E743E0A20202020202020203C6F6D6764693A776179706F696E7420783D223634352E302220793D2233322E30223E3C2F6F6D6764693A776179706F696E743E0A20202020202020203C6F6D6764693A776179706F696E7420783D223439322E302220793D2233322E30223E3C2F6F6D6764693A776179706F696E743E0A20202020202020203C6F6D6764693A776179706F696E7420783D223239322E302220793D2233322E30223E3C2F6F6D6764693A776179706F696E743E0A20202020202020203C6F6D6764693A776179706F696E7420783D223239322E302220793D223137302E30223E3C2F6F6D6764693A776179706F696E743E0A20202020202020203C62706D6E64693A42504D4E4C6162656C3E0A202020202020202020203C6F6D6764633A426F756E6473206865696768743D2234322E30222077696474683D223130302E302220783D223432302E302220793D2234312E30223E3C2F6F6D6764633A426F756E64733E0A20202020202020203C2F62706D6E64693A42504D4E4C6162656C3E0A2020202020203C2F62706D6E64693A42504D4E456467653E0A202020203C2F62706D6E64693A42504D4E506C616E653E0A20203C2F62706D6E64693A42504D4E4469616772616D3E0A3C2F646566696E6974696F6E733E, '0');
INSERT INTO `act_ge_bytearray` VALUES ('5003', '1', 'D:\\kaifa\\sts-workspace\\java-basic-springboot\\target\\classes\\bpmn\\vacation.bpmn', '5001', 0x3C3F786D6C2076657273696F6E3D22312E302220656E636F64696E673D225554462D38223F3E0A3C646566696E6974696F6E7320786D6C6E733D22687474703A2F2F7777772E6F6D672E6F72672F737065632F42504D4E2F32303130303532342F4D4F44454C2220786D6C6E733A7873693D22687474703A2F2F7777772E77332E6F72672F323030312F584D4C536368656D612D696E7374616E63652220786D6C6E733A7873643D22687474703A2F2F7777772E77332E6F72672F323030312F584D4C536368656D612220786D6C6E733A61637469766974693D22687474703A2F2F61637469766974692E6F72672F62706D6E2220786D6C6E733A62706D6E64693D22687474703A2F2F7777772E6F6D672E6F72672F737065632F42504D4E2F32303130303532342F44492220786D6C6E733A6F6D6764633D22687474703A2F2F7777772E6F6D672E6F72672F737065632F44442F32303130303532342F44432220786D6C6E733A6F6D6764693D22687474703A2F2F7777772E6F6D672E6F72672F737065632F44442F32303130303532342F44492220747970654C616E67756167653D22687474703A2F2F7777772E77332E6F72672F323030312F584D4C536368656D61222065787072657373696F6E4C616E67756167653D22687474703A2F2F7777772E77332E6F72672F313939392F585061746822207461726765744E616D6573706163653D22687474703A2F2F7777772E61637469766974692E6F72672F74657374223E0A20203C70726F636573732069643D227661636174696F6E50726F6365737322206E616D653D22E69687E4BBB6E5AEA1E6A0B8E6B581E7A88B2220697345786563757461626C653D2274727565223E0A202020203C73746172744576656E742069643D2273746172746576656E743122206E616D653D225374617274223E3C2F73746172744576656E743E0A202020203C757365725461736B2069643D22757365727461736B3122206E616D653D22E58F91E8B5B7E794B3E8AFB7222061637469766974693A61737369676E65653D22247B656D706C6F7965654E616D657D223E3C2F757365725461736B3E0A202020203C757365725461736B2069643D22757365727461736B3222206E616D653D22E983A8E997A8E8B49FE8B4A3E4BABA222061637469766974693A61737369676E65653D22247B6C6561644E616D657D223E3C2F757365725461736B3E0A202020203C757365725461736B2069643D22757365727461736B3322206E616D653D22E7BB8FE79086E5AEA1E689B9222061637469766974693A61737369676E65653D22247B6D616E6167654E616D657D223E3C2F757365725461736B3E0A202020203C656E644576656E742069643D22656E646576656E743122206E616D653D22456E64223E3C2F656E644576656E743E0A202020203C73657175656E6365466C6F772069643D22666C6F77312220736F757263655265663D2273746172746576656E743122207461726765745265663D22757365727461736B31223E3C2F73657175656E6365466C6F773E0A202020203C73657175656E6365466C6F772069643D22666C6F77322220736F757263655265663D22757365727461736B3122207461726765745265663D22757365727461736B32223E3C2F73657175656E6365466C6F773E0A202020203C73657175656E6365466C6F772069643D22666C6F77332220736F757263655265663D22757365727461736B3222207461726765745265663D22757365727461736B33223E3C2F73657175656E6365466C6F773E0A202020203C73657175656E6365466C6F772069643D22666C6F77342220736F757263655265663D22757365727461736B3322207461726765745265663D22656E646576656E7431223E3C2F73657175656E6365466C6F773E0A20203C2F70726F636573733E0A20203C62706D6E64693A42504D4E4469616772616D2069643D2242504D4E4469616772616D5F7661636174696F6E50726F63657373223E0A202020203C62706D6E64693A42504D4E506C616E652062706D6E456C656D656E743D227661636174696F6E50726F63657373222069643D2242504D4E506C616E655F7661636174696F6E50726F63657373223E0A2020202020203C62706D6E64693A42504D4E53686170652062706D6E456C656D656E743D2273746172746576656E7431222069643D2242504D4E53686170655F73746172746576656E7431223E0A20202020202020203C6F6D6764633A426F756E6473206865696768743D2233352E30222077696474683D2233352E302220783D223331302E302220793D223233302E30223E3C2F6F6D6764633A426F756E64733E0A2020202020203C2F62706D6E64693A42504D4E53686170653E0A2020202020203C62706D6E64693A42504D4E53686170652062706D6E456C656D656E743D22757365727461736B31222069643D2242504D4E53686170655F757365727461736B31223E0A20202020202020203C6F6D6764633A426F756E6473206865696768743D2235352E30222077696474683D223130352E302220783D223431302E302220793D223232302E30223E3C2F6F6D6764633A426F756E64733E0A2020202020203C2F62706D6E64693A42504D4E53686170653E0A2020202020203C62706D6E64693A42504D4E53686170652062706D6E456C656D656E743D22757365727461736B32222069643D2242504D4E53686170655F757365727461736B32223E0A20202020202020203C6F6D6764633A426F756E6473206865696768743D2235352E30222077696474683D223130352E302220783D223538302E302220793D223232302E30223E3C2F6F6D6764633A426F756E64733E0A2020202020203C2F62706D6E64693A42504D4E53686170653E0A2020202020203C62706D6E64693A42504D4E53686170652062706D6E456C656D656E743D22757365727461736B33222069643D2242504D4E53686170655F757365727461736B33223E0A20202020202020203C6F6D6764633A426F756E6473206865696768743D2235352E30222077696474683D223130352E302220783D223736302E302220793D223232302E30223E3C2F6F6D6764633A426F756E64733E0A2020202020203C2F62706D6E64693A42504D4E53686170653E0A2020202020203C62706D6E64693A42504D4E53686170652062706D6E456C656D656E743D22656E646576656E7431222069643D2242504D4E53686170655F656E646576656E7431223E0A20202020202020203C6F6D6764633A426F756E6473206865696768743D2233352E30222077696474683D2233352E302220783D223934302E302220793D223233302E30223E3C2F6F6D6764633A426F756E64733E0A2020202020203C2F62706D6E64693A42504D4E53686170653E0A2020202020203C62706D6E64693A42504D4E456467652062706D6E456C656D656E743D22666C6F7731222069643D2242504D4E456467655F666C6F7731223E0A20202020202020203C6F6D6764693A776179706F696E7420783D223334352E302220793D223234372E30223E3C2F6F6D6764693A776179706F696E743E0A20202020202020203C6F6D6764693A776179706F696E7420783D223431302E302220793D223234372E30223E3C2F6F6D6764693A776179706F696E743E0A2020202020203C2F62706D6E64693A42504D4E456467653E0A2020202020203C62706D6E64693A42504D4E456467652062706D6E456C656D656E743D22666C6F7732222069643D2242504D4E456467655F666C6F7732223E0A20202020202020203C6F6D6764693A776179706F696E7420783D223531352E302220793D223234372E30223E3C2F6F6D6764693A776179706F696E743E0A20202020202020203C6F6D6764693A776179706F696E7420783D223538302E302220793D223234372E30223E3C2F6F6D6764693A776179706F696E743E0A2020202020203C2F62706D6E64693A42504D4E456467653E0A2020202020203C62706D6E64693A42504D4E456467652062706D6E456C656D656E743D22666C6F7733222069643D2242504D4E456467655F666C6F7733223E0A20202020202020203C6F6D6764693A776179706F696E7420783D223638352E302220793D223234372E30223E3C2F6F6D6764693A776179706F696E743E0A20202020202020203C6F6D6764693A776179706F696E7420783D223736302E302220793D223234372E30223E3C2F6F6D6764693A776179706F696E743E0A2020202020203C2F62706D6E64693A42504D4E456467653E0A2020202020203C62706D6E64693A42504D4E456467652062706D6E456C656D656E743D22666C6F7734222069643D2242504D4E456467655F666C6F7734223E0A20202020202020203C6F6D6764693A776179706F696E7420783D223836352E302220793D223234372E30223E3C2F6F6D6764693A776179706F696E743E0A20202020202020203C6F6D6764693A776179706F696E7420783D223934302E302220793D223234372E30223E3C2F6F6D6764693A776179706F696E743E0A2020202020203C2F62706D6E64693A42504D4E456467653E0A202020203C2F62706D6E64693A42504D4E506C616E653E0A20203C2F62706D6E64693A42504D4E4469616772616D3E0A3C2F646566696E6974696F6E733E, '0');
INSERT INTO `act_ge_bytearray` VALUES ('5004', '1', 'D:\\kaifa\\sts-workspace\\java-basic-springboot\\target\\classes\\bpmn\\LeaveProcess.leaveProcess.png', '5001', 0x89504E470D0A1A0A0000000D494844520000044C0000021608060000004DC4181100002FCB4944415478DAEDDD0D8C95F5BD2770D268AADB66D3DC6CD634CD6DD3DCAC31C63477B331DDDC6DEFA56DB65D6DCCBD1565986146E9FAB2166D8BEF6F4305C1D21772ED1504B5B6BDB52F5C8BB55AB7569D0146A674A85AAB142C8A8208080E9D8B328033C0CC7FFFFFD9E7D0C330EFAFE79CE7F349FE39C339870186F3FC7EBFE77B9EF33C53A60000000000000000000000000000000000000000000000000000000000000000000000000000000000000000000000000000000000000000000000000000000000000000000000000000000000000000000000000000000000000000000000000000000000000000000000000000000000000000000000000000000000000000000000000000000000C00498316346B02CCBB2266FE944000050A281899F02801A0C000018D601D4600000C0B00EA0060300008675003518000030AC03A8C1000080611D400D0600000CEB006A3000006058075083010000C33A801A0C000018D601D4600000C0B04EE99973D7EAD0D72A95C74BE9EF0A6A30000018D6C989BE0281DE21C2643E5E4A7F5750830100C0B04E4E084C0426A8C1000080619D2104020293C1FF2EA006030080619D0A26301198A0060300008675861008084C06FFBB801A0C000086752A58A95F25A754AFD8036A30000018D661D2DCB73E3CE9A7801A0C000018D621B32784FAC6F6708F9F046A3000006058075083010000C33A801A0C000018D60150830100C0B00E801A0C0000867500D460000030AC03A006030080611D00351800000CEB00A8C10000605807400D060000C33A006A3000006058075083010000C33A801A0C000018D601D4600000C0B00EA0060300008675003518000030AC03A8C1000080611D400D0600000CEB006A3000006058075083010000C33A006A30000018D60150830100C0B00E801A0C0000867500D460000030AC03A006030080611D00351800000CEB00A8C10000605807400D060000C3BA611D400D0600000CEB006A304C9A10C2295BB76EDDD1D2D21256AD5A151A1A1AAC12588D8D8D61EDDAB5DD712DF72A0500C33A801A0C132C8525CDCDCDA1B5B5357476765A25B4F6EEDD1B9A9A9ABA1B1B1B177BA502605837AC03A8C13081D29125C292D20E4D1A1A1A3ABD520130AC1BD601D4609840E963388289D25EE9233A5EA90018D60DEB006A304CA0B4332E9410980080611D0035184610981C787B77D8FAEC0FC2A6C6DB7B56FA3ADD27D010980080611D400D865C0626EDFB76858D4FCE0D2FFEEAFAE356BA2F3D26D410980080611D400D86DC05263B36FDF284B0A4B0766E7A4CA821300100C33A801A0CF90B4CFEB4E69BFD0626E931A186C004000CEB006A30E42E30D9D830AFDFC0243D26D410980080611D400D068189C0446002008675003518F21E98A4ABE2F41798A4C7841A02130030AC03A8C190BBC064CBBAA5FD0626E931A186C004000CEB006A30E42E3069DBB5216C7CEAB6133F8E13EF4B8F09350426006058075083217781495ADB9E7BE084C024DD27D010980080611D400D867C06261D1D61CB6F979FF8719C785F7A4CA821300100C33A801A0CB90A4CDAF7ED0AAFAC5BD2EF394CD263E939820D81090018D601D460A8FCC0A4A323ECDEB23AFCF1895BFA0D4B0A2B3D273DD7D12602130030AC03A8C150B181C960479538DA4460020086750035187217980CE5A892818E361172084C00C0B00EA00643C50526230D4B0A4BC821300100C33A801A0C1517985802130030AC03A00653A9AFE7B6EAEAEAD9021381090018D6015083A1E8F59CADB6AAAAAA4B052602130030AC03A006E3F5FC97C0A4B0F6F675C489C044600200867500D460F21C981C3BE2A438381198084C00C0B00E801A8CC0A4E88893F4511D8189C004000CEB008C7607D3B22A6E094C4A7F55D2EB4DA701406002A00643A9068007AAAAAAE64F9D3AF594F43C8189234CD45800341200D460F21C981C179414945A6012FF4A7DAEA13C9EFE2D679D755638F9E493C319679C1156AD5A3526DF5760A2C602A09100A8C1507981497B7575F5A2DE414929072603DD37D0E3E79C734E38F5D453C3E6CD9B7BEEFBD0873E3426DF5760A2C602A09100A8C15039AFE73E8F28A9E4C0A4B00A81C9C73FFE7181891A0B80611D00351886AF1203937494C9473FFAD1F0DA6BAF094CD458000CEB00A8C12030293EC2E4939FFCA4C0448D05C0B00E801A0C0293E2FBD2C95F05266A2C00867500D460C8756092AE90933E8ED3D2D2D273DFD4A95305266A2C00867500D460A88CC064CA082FFF9B2E237CE69967F61C59923E8EB37DFB76971556630130AC03A00643F9072696C004003412003518042696C004003412003518042696C004003412003518042696C0448D054023015083416062094CD458003412003578D2CDB96B75E86B0DF5F1DE4208975DB36CEDE1F49C27F685EFF5F9672E69EA2AFE5ED1FB87FBE72030B1042600A09100A8C1E31A980C74DF608FF776EDB2E68E10C257E2FA6C5FCF8BF75F7CE3FDCFEE1BEEDF0381892530B1C501A09100A8C1651B9884104ECA6ECF9DB3644D77EFC797AE39DC7CFDBD2D07D263572F6D3AFA52080B052602134B6062CE0540230150832B3A3049FEA5617F4B7ACEB2DF8435BD1F4B47A02C7C68DBE610C207E2BA327D3C47602230B10426E65C0034120035B8E203932484507B75AF7395F4F19C930AF70B4C042696C0C49C0B804602A00657646072CDD2A78F8410AE485FAFEE08CBD2D124BD9F73F59235DDF13955719D72F7D3479E5EF4C8AE8D02138189253031E702A09100A8C12517988CE62A39C55FA7B0E4DA65CD9DE9BE1BEFFBDD3BF1D79FE9FDE7FD21846FA57397A4E72C7C68DBCBF139A70DE5CF416062094C6C71006824006A70D9B86F7D78D2FFBEC0C41298A8B100682400A8C1993D21D437B6877BFCEF0B4C2C81891A0B804602801A0C021381891A0B804602801A0C7D5BB56A95504260A2C602A09100A00643B1E6E6E6AED6D656C14489AE9D3B776E6F6868E854630130AC6B24006A304CA0D5AB577FBDA9A9A9FBADB7DE1250946058D2D8D87824AEC56A2C0086758D04400D86091677C8E73734341C481FFDB04A6A75564A58A2C602A09100A8C100A8B1006824006A30006A2C001A09801A0C801A0B804602A00603A0C602A09100A8C100A8B100682400A8C1006A2C001A09006A30801A0B804602801A0CA0C602A09100A00603A8B100682400A8C1006A2C001A09006A30801A0B804602801A0CA0C602A09100A00603A8B100A09100A8C1006A2C006824006A30801A0B001A09801A0CA0C602804602A00603A0C602A09100A8C100A8B1006824006A30006A2C001A09801A0C801A0B804602A00603A0C602A09100A8C100A8B100682400A8C1006A2C001A09006A30801A0B4069368D3DA9710CB20EF8490118E601D45800F2D434EA060B4CAAAAAAE6FB490118E601D45800F2D638F60E1098B44F9D3AF5143F2500C33C801A0B40DE1A47BF47995457572FF2130230CC03A8B100E4B579F4752E93038E2E0130CC03A8B100E4B979D439770980611E408D0580131BC89B8E2E0130CC03A8B10050A4AAAAEAD2A2C0A4DE4F04C0300F50C6F574CF6057834C6F12FA490130ACC6E2E8128049ABC3021380B1A9A7758305263E820EC0B01B8B9F04C0A4D561351860EC6AEADE010293766F12028CB310C2295BB76EDDD1D2D21256AD5A151A1A1ACA7AA50652EEFF86B41A1B1BC3DAB56BBBE35AEE556AFBB06C1F0213805CD6D47E8F32A9AEAE5EE4270430CED2CE60737373686D6D0D9D9D9D5609ADBD7BF786A6A6A6EEB873B8D82BD5F661D93E042600B9ACAB7D9DCBC4050E0026427AE7DCCE6069EF14363434747AA5DA3E2CDB87C0044A93A3111D8D38CE75B5CEB94B0026496AEC76BC4A7BA5A6EF956AFBB06C1F0213284D8E467434E204D4D6371D5D023009D2CE86866A8710DB87ED0381098C8CA3111D8D38DEAAAAAA2E2D0A4CEA6D750025B64378E0EDDD61EBB33F089B1A6FEF59E9EB749F466C87D0F661FBB07D203021CF1C8DA8574C507DED399789A34B004A6C87B07DDFAEB0F1C9B9E1C55F5D7FDC4AF7A5C734624DDEF661FBB07D203041AFB0F48A71ADAF75E79F7FBE1A0B506A4D7EC7A65F9EB03358583B373DA6116BF2B60FDB87ED0381097A85A311F58AF1953E8A13B25B004AA5C9FF69CD37FBDD214C8F69C49ABCEDC3F661FB4060825EE16844BD62DCDC1057775CCF67B7AE9203502A4D7E63C3BC7E7708D3631AB1266FFBB07DD83E88EAB3C0C4BB9FE8158E46D42BC63E2C298424A9C676094D06575555757A5C77C5DEF44C7575F5BE787BB4F8F2CCF1BEAE78DB1E9FB3397EFDC3B83EE1A746AEDD7AEBAD1F59B66CD96F162C5870B0BEBEBE6BF6ECD961E6CC99C7369ACB2FBF3CDC70C30DDDB7DF7EFBA1F8BC97BEF6B5AF7D4A93B743A8C91B826D1FB60F863CD07BF713BDC2D1887AC5F8852583DD4F347DFAF41B7A5D8A7938AB3DAEFB9D5C975C59B870E12DF3E6CD3B545B5B1BE6CE9D1B1E79E491B061C3869E4BC01D3D7A3414B4B5B585CD9B3787279E78222C5EBC38D4D5D5A500E568FC3D3FAAD48D66284D3E7DCEB6BF269F1ED38835F93C0FC1B60FDB07DEFD44AF10AEEB15E3A07E9050A4F0B8A3FA32E9C4B8711D186150D27B75A6A34EFC54A96873E6CCF91F37DF7CF3A14B2FBD34AC5CB9B22710198EC3870F8775EBD6F5842CB367CFEE8ADF67611E9BFC96754BFB6DF2E9318D5893CFF3106CFBB07D084BBCFB895E2130D12BC6292CA91F610DCE6358D2D23BF4489F2458B46851CF7EE0A64D9BC2EEDDBBC3BBEFBE7B6C3F2FBD79FECA2BAF84871F7EB8E779E9CDF23E8293BDF1FB9CADD25171E6CE9DBBF2924B2E093FFCE10FC3C18307C3683DFBECB3E1B2CB2E0B5FFAD297765757579F96A726DFB66B43D8F8D46D2736F8785F7A4C23D6E4F33C04DB3E6C1F39E6DD4F98E26844BD62DC82E8FA717A7E4549FB65D9F9498E851CB366CD0A3FFEF18F7B0291E148FB8CE9930873E6CC392E34A9AAAAEA8E7FC61CD58E8A71D34D37BD74E5955786DFFFFEF7612CEDDFBF3FDC7DF7DD69233C3A6DDAB48FE5A5C9A7B5EDB9074E68F0E93E4D5893CFFB106CFBB07DE43C2CF1EE277A85A311F58AB10F4BE68FF0F7E52A344961C98C1933DE290E37D22703D29124A3914ED9F0F8E38F1F77AECBB8BAABAAAA16AB7854445872D555570D3B511C8E152B5684DADADAEE0B2EB8E033B9D821ECE8085B7EBBFCC4061FEF4B8F69C49A7CAE0313DB87ED237FBCFB09C3EC158E46D42BC6312CC96D40DDFBC892F4D19BE2F3538ED6AE5DBBC2F5D75FDFFB68136F0050BED2C770D29125E31996143CFAE8A3293429FB234D066BF2EDFB768557D62DE9F75D91F4587A8E666C87308F43B0EDC3F691E3B0C4BB9F309C70DDD1887AC5C0EAA78C4DD83156DFA7E4F53E67C9FAF5EBC7659F2F9DF3249DDFA4F848939A9A9A73553ECA4E3AC16B3A67C90B2FBC1026CA4F7EF293A33367CEDC5DCE57D0E9B7C9777484DD5B56873F3E714BBF3B8385959E939EEBDD743B84B919826D1FB60F61C964FC7E28DFC0C4D1887AC5E021477D89D4EA72084BEA7A1F59329ED20962EFB8E38E637F5E757575575555D5E9AA1F65E5A69B6E7A379DE075A27DF5AB5F4D1BCCCF2AA9C90FF6AEB977D335F93C0FC1B60FDB474E79F713461898381A51AF1842B851084BDE13D777B3DBE1E8FDFB2AFAA8BEB8EF75A8F89C2563F9319C81CE65992E0052F4D19CE7553FCAC6C2850B6F49970E1E8BABE18CE4B36D353535DDE59A32F6D5E487F2AEF940EFA66BCC76082B7908B67DD83E721C9678F713861398381A51AF185E2D4C61C7CB7185EC76A8A1497FBFAF224393E9D3A7DF507C359CD19EE07538D205458A3F9A535D5DFD091590B2306FDEBC43E9FAD993E51BDFF84647FA1C5DA534F991EE0C1696C66C87B0928760DB87ED2367BCFB0923E8158E46D42B46101C7F370B3DC2304293E2B0A4B0EEED23F0AE98803AEE73ED298416E9D2C1136DF1E2C5C5A1C9332A2025EFD65B6FFD486D6D6D686B6B9BB4C064D7AE5D5D29652CC773990CF5446596266F08B66C1FB90D4BBCFB09C3EC158E46D42B06D05F88D157F83150AD1DEAF32BE6A8BE74447F21AC4897FC9D880B7DF4F6DA6BAF157F2CA7FB924B2EF9882A48495BBE7C794BFAECDA64BBE28A2B3AABABAB67DB21B4EC100A4C2CDB4705862589773F6188BDC2D18895DB2BD24E7B4D4DCDF2518625F5A30C41861BAE947C403D63C68CB6C1F6A5E2CFFEAE425891AE5C3359E6CC99537C02D845AA20256DC18205071F7BECB1490F4CEEBCF3CEFDA5F4B19CA1141D3B847608F3CAF661FBA874A33CE2D1BB9F205CD72BFA91CE5B91ED281F4E177E98356BD6078619440F165A0C563B875B8B8BFFFCAE52ADB5451F73698B3FD74BFB79CE331375659C813CF8E0834EFE4AF9A8AFAFEFDAB061C3A40726EBD7AF3F140BE7BE722A3A9ABC1DC21C0726B60FDB47A5BFC6DF19E620DF3B2CF1EE27B623E1BA5ED187F4118CE24BDAC6953E9ADF34C80520861B0CF757434F1A61583258205E4AB35961EDEDBDFDA57DADC2E39B376F9ECCFDBEE2BF679B6A49499B3D7BF6A47C7EADB73D7BF61C4DD7E42EA7A2A3C9DB211498D83E6C1F15FB1A3F92BD039A06F99F0E3138F1EE2708D7F58A91CD1185B57DFAF4E9FF34CAB064A05ADB398AB064B47F9F899ECD8E6D7F85192D7E7DB470FF445E1DA7B737DE78A3F823395DAA25252D9DF06722AEBD3D1469A329A7A2A3C9DB213404DB3E6C1F951D9814AD23837CCEDABB9F205CD72B463F471C7BAD6421DBDC51D6B4BE6AED68C292E106E4A5309B1DFB9916FFFADD77DF9DB47DBEC3870F1FF777532D29F966562ACA243039AE906BF276080DC1B60FDB472E0293C23A1057FD18BDDB98AB773FD12B84EBE5BB9E7AEAA9908EB4ABABABFB684D4DCDDFC6FFBF7F88B7FF186F6BD3FFE5F4E9D36F88BF5E106FFF39F6FF7BE3FFF18FE2D70FC7DBC7D3C76DD2790AE37A21AE97E27A6D08734438FFFCF30B7570B4E7B838A98FDADA99DD3F1ACF0FE5DF51AAAB14F6FB04269485523BC2A4DC96265FFAAB9C9B59B92FDB47E9AF38E8F6FE7FEB2E5A5DD93A1A07E014201C8EAB33AE8EB8DE8DEB505C075388101FDF9F9DF7237D3EFADFE3F7FD73BC6D8D6B4F5CBBE3DA15D71B71BD1E9FB335DEBE1AD7CBD9F0BC31AE17E3EFF9435CCFC5C7D7C75FFF36AEE66CD05E15D793F1B15FC5F5CBB87E11D7CAF8BC1569288FEB5FE3BA3FFEFA9E78BB243E76671CDCBF9D8E0849037CBC6F6E1CDC6F8EB7D7C5FBE6C4DB2BE3BA2C7EFDC534ECC73E58159F777EBCEFF3F17B7C363EF753C5872DF7B5E2F30EC6DFBB700C8EE8C8CDBB9F084C84EBE5B93A3A3A7AF788AEAC1F7464B5F09D1482A57A1FBFDE1157AAEF2FA59A9E05256BB2E0E4E7A96667B5BABFD7C4E154E32FBAE8A2D3B38F42D68FB29639C2E4FFF7E8F9E964E68E30811128957398ECDDBBB7D4CF617242D129F57745FA690E13F6B877D0733904DB3ECA70FB98376FDE49175E78E1FBE3FAAB58874F8BFF8F7F1DFF1FFF66E6CC9967A67712E3EDD9B5B5B57F97DE514C81420A16D267CCE3D717C6AF6B52F0900510B3E3ED57E2EDB559403137BD1EE2EDD7E3EDB7529091028D7439C9F8F577E3FA7E363CAF4827584DEF46C6F5680A4652401257633668AF4D014A0A52E27A369D513FAE17B2A0E5A52C78D992BD6BF97A0A66E2E33BE3ED9BF1360536AD5980D3969DF0EEED2CE049AFD783711DCA02A08E2C103AECDD4FCB12AE5BE3374BC5BADBDD4758DFD4CFF9A21CC537B2D9ECB8992C7B8E7398C070DD7AEBADDD9B366D2A89ABE4A47727CBA9E894C30EE140F78DF7E302935C0526B60FDB472E42C114B8A4A3548A9EEADD4FA8E070DD1AB77398147FEC71CBB469D33E36C6352DCF57C9694F4758F69EC91257C9811158B060C1C1C71F7F7CD203933BEFBC33BDDBF74C39151D3B8476080DC1B60FDB476E76F4F60E707954EF7E420585EB53C6E008C2CF7DEE7327DC37A58C8F4C1CA7C0E4CD58573F310EB56DBCAE445637A584AF44D6DFF6D5EB392F16B6C7952B574EDA7E5FFAB38BEAC28BAA2525EDEEBBEF7EF68E3BEE98F4C0E4AAABAEEAE8F5AE5DC9171D3B847608733C04DB3E6C1F79D9D1DB1157DD300679EF7E429987EBA3A9EF1B366C089FFEF4A7FB0C3BCAB96F8C75AF186650329C1A37D43064B8A149A1C62F2AE76D327D24B6B05D2E5AB468D2F6FBAEBFFEFAE273822D562D2969D75D77DDC72EBEF8E270F0E0C149DB68F6ECD9D3954E3CD8CFE7164B9A1D423B84D83E6C1F15B9A3B7239DA76598BFCDBB9F5001E1FA68EA7BBA3DFBECB30526E3ABBF5A3BDCDA39D4E757445892A4739215828A74E18FFDFBF74FEAF94BB2C0E474D5929277E38D371E6E6A6A9AB4C064E9D2A5E9A47B9BED10DA21B4432830B17DD83ECA9C773FA1CC7BC568EAFB17BEF085F446A0C064626A6DEF80F8BB23089AFBAAB5F70EA3A6979DE2F3983CFCF0C313BEDFB77CF9F2E2C0648B0A4859B8E9A69B965C77DD75937279E174644B4D4D4D774A3C35793B8476080DC1B60FDB4705F0EE27E43430E97D3E1281C98404D4F57DD4CCE17C94B1BFDF579127CF2EFE584EBA5AEA445E5E78D7AE5D3D47B6141DE552A5025236E206D3D5DCDC3CE181C982050BDE2DE793FDB86CAACB0A63FBB07DD0CF20EFDD4F1098084C2636A07E4F5623877BB2ECDEBF6FB457402B59E9237271DFEBDD4268F1C8238F4CD87EDFEDB7DF5E7C74C99BAA1F65E5B2CB2EBB39AEB06FDFBE09DB689E7FFEF9C335353587ABABAB4FD3E42D3B848660CBF65181A189773F4160223099D8D0643C02EF8A527C94493AE2E3F5D75F1FF7FDBE7455D6E273978CE03C6130F9AEB8E28A9DDFF9CE7726E4A3396FBEF966CF4771E2C67283266FD92134045BB68F0AE5DD4F28C3C064CA288F201CE8BE292E2B5CCAA1496E2ECB3E63C68C3D85F0E29A6BAE19D70B80AC5BB7EEB88FE2C4F553958FB2940ED1FAE217BF78E481071E18D7B0A4B5B5355D11E7687575F52F34794B9337045BB68F9C8526A355F1EF7EA257587AC5086BE36882E45C05D1D3A64DFBD88C1933BA0A21C61D77DC110E1F3E3C2E6149DCEF73A2572A47BAB4536D6D6DF7789D35391D5992C292B8B1B468F296266F08B66C1F4293490D5F40AFB02AA9578CF4BC4EB9FC8863DCEFBB34AEEE429891CE31D2D6D636A61FC3E97564C9DE723E15031C93AE58535B5B7BF4FBDFFF7ED7389CB3A4BB128E2CD1E435796C1FB60F4638C87BF713F40ABDA27402EA5C07D171BF6C51F1B945D2D120EBD7AF1FF5D5706EBBEDB6E3CE59222CA11213C7D367CE9CB93B5D3D67FBF6EDA3BE7470BA1A4E3AC16BB99FB34493D7E4B17DD83E1883D0C4BB9FA057E815931F9AD44D7159F62969FF6CC68C19DDC501C7A2458BC2E6CD9B87B5CFF7C61B6F84E5CB97F73EAAA4E76338C2122A3938F9594D4D4DD7C2850B3BB66EDD3AAC234EF6ECD9D3B56CD9B283E9A892F87D3655E286A2C96BF2D83E6C1F8CD3203FD2E7835E61E915831F9557381FD4225B61CF9573CE9D3163C6D15E4147F8F297BF1C56AC58119A9B9B7BAEA65338CF49BA4D01493A1A65E5CA95E1C61B6FEC1D9238C12BF991828EF8626F4A1BD1E5975FDEF9ED6F7FBB7DF5EAD507E34672DCE574DADADABAE24673E8CE3BEFDC7FD5555775C4DF17AAAAAA36A78FF868F296266F08B66C1F0C3B04F1EE277A85A5578C7DAD1544F7BFCFD7D2FB689311AE375D3A985C4A2707CAC293BD711D29DE30E24696CEB4DC1ED733F1EB39B366CDFA80266F69F28660CBF6419F72F5EEE79CBB5687BED6501FEFCFED2B5EDE1A4238B7AFC7E2FD975DB36CEDE1F47D9ED817BE379A3F07BD42AFA898807ACCC292F1AA6B932DBDD91DF7E79A8B4F083B8CB525FEFE2A950DD0E435796C1FB60FC67A901FECFEB20E4C06BA6FB0C7FB0843CEBBEEDE96F6819E73EDB2E68EF8BCAFC4F5D9C2F386FBE7A0575815D12B0A35F5F9B1ACAD635DD74A4D7AF33B3BBFC933D99BE547FB78B3BC2DAE17ABAAAAEE4AE7C054D1004D5E93C7F661FB603C43938A3C547CAC772C5258F2D0B6F06F37DEB77EFF00A1CA49D9EDB97396ACE91698E815567E7BC5873FFCE187D24EFE94313C7976A50726009ABC268FEDC3F64129852663FAEE67250726C99610E6DFFEE0ABAF0EF49C7F69D8DF92BECFB2DF84357660F40A2BBFBD62C68C197B52603275EAD4530426009ABC6587D0F661D93ECA4BFD58BFFB59E981C97DEBC3938FEE083F2A3CB7BFF30384106AAF5ED2D4650746AFB0F2D92BB27330163E4AE20813004DDEB24368FBB06C1FE5260B4C2AD278EC587CED814D3BF784D0E7CECF354B9F3E1242B8227DBDBA232C4BE733B103A35758F9EC15E98A2D4581C901810980266FD921B47D58B60F8149490526A3B99A445F3B19572F6D3A1A42787F5F7F5E0A4BAE5DD6DC997EDF8DF7FDEE9DF8EBCF0CE5CF41AFB02AAB57C4BA5AD7FB4A2E555555F34BA1AE0154BC55AB5669A49A3CB60FDB07029371963E7EE3A72030B1F48A11D4D53D7D5CFAF6C0589ECB04807E34373777B5B6B66AA625BA76EEDCB93D36F94EAF54DB8765FB109894AFF4B19BC6F6708F9F84C0C412980CB3A6D6F51196142E89BBC8D60730CE56AF5EFDF5A6A6A6EEB7DE7A4B432DC19DC1C6C6C623712DF64AB57D58B60F8109942647230A4CC6B1A6EEED2F3089ABDDD6073001E20EC7FCD8480EA46652CE6BC58A153D0DA4DCFF1D45ABD3CEA0EDC3B27D084CA0B4391AD1D188E3544FEB06084BC6F45C2600E463501FF3EBD30320308181381AD1D188E339D70EB20ED8020118D4785D9F1E0081090CC6D1888E4654630128E506F2A6B41DC0300FA0C602C05F9A479DCF740218E601D4580038BE79B83E3D80611E408D0580A2C6E1FAF4008679003516007A350ED7A70730CC03A8B10050D4345C9F1EC0300FA0C60240AFA6E1FAF4008679003516003412003518408D05008D04400D06408D05402301508301506301D04800D46000D458003412003518003516008D04400D06408D05402301508301506301D04800508301D45800341200D460003516008D04003518408D05402301400D06506301D04800508301D45800341200D460003516008D04003518408D05402301400D06506301D0483412003518408D05008D04400D06506301402301508301D45800D04800D4600035568D05402301508301506301D04800D46000D458003412003518003516008D04400D06408D05402301508301506301D04800D4603518408D05402301400D06506301D04800508301D45800341200D460003516008D04003518408D05402301400D06506301D04800508301D45800341200D460003516008DC44F01400D065063014023015083A14C84104ED9BA75EB8E969696B06AD5AAD0D0D06095C06A6C6C0C6BD7AEED8E6BB91A0B80611D00351826580A4B9A9B9B436B6B6BE8ECECB44A68EDDDBB37343535753736362E56630130AC03A006C3044A4796084B4A3B34696868E854630130AC03A006C3044A1FC3114C94F64A1FD151630130AC03A006C3044A3BE3420981891A0B804602A0060323084C0EBCBD3B6C7DF6076153E3ED3D2B7D9DEE1368084C00402301508321978149FBBE5D61E39373C38BBFBAFEB895EE4B8F0935042600A09100A8C190BBC064C7A65F9E109614D6CE4D8F0935042600A09100A8C190BFC0E44F6BBED96F60921E136A084C004023015083217781C9C68679FD0626E931A186C0040034120035180426021381891A0B804602A00643DE039374559CFE0293F49850436002001A09801A0CB90B4CB6AC5BDA6F60921E136A084C00402301508321778149DBAE0D61E353B79DF8719C785F7A4CA8213001008D04400D86DC0526696D7BEE81130293749F40436002001A09801A0CF90C4C3A3AC296DF2E3FF1E338F1BEF49850436002001A09801A0CB90A4CDAF7ED0AAFAC5BD2EF394CD263E939820D8109006824006A30547E60D2D111766F591DFEF8C42DFD862585959E939EEB68138109006824006A30546C6032D851258E361198A8B1006824006A30E42E3019CA5125031D6D22E4109800804602A00643C50526230D4B0A4BC8213001008D04400D868A0B4C2C81891A0B804602A00683C044282130516301D04800D460C8C9EBBFADBABA7AB6C04460A2C602605807400D86A2D77FB6DAAAAAAA2E1598084CD45800341200D460BCFEFF129814D6DEBE8E381198084CD458003412003518F21C981C3BE2A438381198084CD458003412003518042645479CA48FEA084C04266A2C001A09403E6BF07BE6CD9B77D2D4A9534FB9FCF2CBFFC385175EF8FE73CE39E73FC6DBBF3AEFBCF3FE535D5DDD7FAEAEAE3EEDA28B2EFA507CFE5F5F72C9251F893B917F336BD6ACFF126F4F9F366DDA19F1F6AC78FBB19A9A9ABF8DCFF9AF3367CE3C3BDE7E3CDEFFDF6B6B6BFF6EFAF4E97F1FBFC73FC4DB4FC5DBFF19EFFF6CFCFEFF2B3EFFDC78DF79F1F61FE3ED3FC5DBF3E36317C6DF5F159F571DBF474D5C75F1B18BE32FBF98765EE3AF2F8B5FFF9F78DF15F1EB2BE37D5F8EB75F89F7CD89EBDAF8F575F1B11BE2ED8DF1FBDD126FEBE39A1BD7BCF8DCF9F1BE05F1790BE35A14EFFB46BCEF5BF1BE6FC7DFF3CFF1BE3BE3FA4EBCEFAEF8D8D278BB2C3EB63CDEDE1BEFFF6EBCEFFEF8BCEFC5DB7F8DBFFE61BC7D20AE1FC5F5D3F89C15F1B9FF16BF7E303EB632DEFE3C3EF7E178FB48BC7D34DEF7CBF8F563F1F657F1F6F1F8FC27E2ED93F1B621DE36C6B52A7EBD3ADE36C5E73C1D6FD7C6F59BB8D6C5F5DBB85AE2E3EBE363BF8B5F3F13BF7E36DEFE3EDE3E1FEFFB43BC7D21FEFAC578BB21AE3FC6B529AD78DF4B71FD29AE97D38ACF7D25DE6E89B7AFC6DBD7E273B6C6DB6D71BD1ED7F6B4E2633BE2ED8EF8D8CE78BB2BAE37E3DA9D56BC6F4FBC7D2BDEB6C6DBD6789B3EC6F2E7F8755A6D71FD7BFC755AFBE263FBE2AFDF8EEB9DF8EBB4F6C7AFDBB37520ADF89C83F136AD43D97AB7687564AB33FEDECE787B38DE1E4EB7711D492BFEFE23D9D7478B565761C5E717BEEE4E2B3EBF6765BF0E43590293D25F45FF5F85FFDFA3D9EBA2337B2DA5D7DB3BD96BB4357B4DA7D7FAABF1F99BD37613BF7E2E6D67691B4CDB66DA6EE3FD3F4BDB795603BE936A46DCCE6F4B75261D8594D5A50BB35AF6F7B1AEFDB75417CF3FFFFC0FA63A6ACE0540600250C6357888EBD84E66AFDB633BA4453BA6C53BAEC53BB4878B56610738AD8EF89C8EA29DE443F1D7859DE783851DEB6CB5C7C7F6A71DEFB4039EED8CBF9D76CCD30E7ADA59CF7688D2FA73DA994F4709643B486FC5B527DBE1DF9DED30A53060570A06B290E08D426890428478DFB6142864E1C2AB59D090028797D34E561644BC9405131BB3A06243165EBC90828C146AA41DB12CE04841C7FA6CA7AC250B425228D29C02922C2859930527ABB230E5A92C587922852D71A7ECFF66C14B0A601E89B7BFC882999F673B770F66C1CD4FE3633FCE029D07B290E7FB59E0737FDA018CEB9E1408A57028AE2529284A3B85293C8A5F2F4E41520A94B270E9EB29684A81530A9FB29DC6B929948ACFBF39055429A84AA155BCBD3A055829C84AA156DAB14C01570ABAB2D0EB7FA71DCD1486C5DBDA148CA5802CED78C6AF2F48C1590AD05298167FFDF9B4339A02B614B65D70C1059F49C15B16C27D22057229984B215DDA594D815D0AEE528817EF3B330BF44E4F215F5D5DDD4753E097C2BFB443DBDFEB3D8538E9DF9AC2C31428965A6012FF4E7DAEA13CFEEB5FFF3A9C75D659E1E4934F0E679E79666869691993EF5B0A4798A4FFAFF4FF9AFEBFD3EB20BD46D26B27BDA6B2D075760A3AD2EB36BDA6B370F4DE2CFC7C300524695B4BDB60DA36B3ED7643DACEB31AB03DAB17AD598D7927AB4B87B25A76A428B03B16C8E93400084C0080720F0CD3112FF3D3D156C5CF2BC5C064A0FB067AFC8C33CE08EF7DEF7BC3E6CD9B7BEE4BE1C9587C5F1FC931E702A0910000951798B4A7230E7A072595189814D6BE7DFB7AEE4BE189C0C49C0B80C00400A07806E9F388923C04260B162CE8B9EFF39FFFBCC0C49C0B80C0040060F82A2D3079F4D1477B7EFDC10F7E306CDBB64D6062CE054060020090EFC0E4B9E79E0BA79E7A6A38FBECB3C3F6EDDBC7FCC81581893917008D04001098945D6072CE39E784F3CE3B2FB4B7B78FCB477D0426E65C003412004060527697157EDFFBDE77DC7DF3E7CFAF98CB0A9B730110980000E43830B1042600084C0000042696C0040081090080C0C412980080460200084C2C81090068240080C0C412980080460200084C2C810900682400948A3977AD0E7DADA13E7EC2F75BD2D455FCBCE8FDA3FD3386FB77406062094C00109800C0A8039381EE1BECF16221848B6FBCFFD97D63FD670CE7EF80C0C412980020300180920A4C96AE39DC7CFDBD2D07E62C59D37DF5D2A6A32F85B050602230B10426E65C00341200721D985CBBACB963E143DB3687103E10D795E9E33902138189253031E702A0910090EBC0A45808E1A4C2F3042602134B6062CE0540230120B781C9D54BD6748710AAE23AE5EEA78F3CBDE8915D1B052602134B6062CE05402301A02C0393D15EC1A6F0F51F42F8563A7749BA6FE143DB5E0E219C36567F86ABE4084C2C810900682400948DFBD68727FD141098084CCCB90068240090D913427D637BB8C74F028189C0C49C0B80460200D0CBAA55AB84120213732E001A090040B1E6E6E6AED6D656C14489AE9D3B776E6F6868E834E702203001009840AB57AFFE7A535353F75B6FBD25A028C1B0A4B1B1F1485C8BCDB900084C00002658DC219FDFD0D070207DF4C32AA9D559AA61893917008D040000CCB9006824000060CE054023010000732E001A090000987301D0480000C09C0B8046020000E65C003412000030E702A0910000803917008D040000CCB9006824000060CE054023010000732E001A090000987301D0480000C09C0B001A090000E65C00D048000030E70280460200803917003412000030E702A0910000803917008D040000CCB9006824000060CE054023010000732E001A090000987301D0480000C09C0B8046020000E65C003412000030E702A0910000803917008D040000CCB9006824000060CE054023010000732E001A090000987301D04834120000CCB900A091000060CE05008D040000732E00682400009873CDB9006824000060CE054023010000732E001A090000987301D0480000C09C0B8046020000E65C003412000030E702A0910000803917008D040000CCB9006824000060CE054023010000732E001A090000987301D0480000C09C0B8046020000E65C0034123F050000CCB900A091000060CE05008D040000732E00682400009873014023010000732E001A090000987301D0480000C09C0B8046020000E65C003412000030E702A0910000803917008D040000CCB9006824000060CE054023010000732E001A090000987301D0480000C09C0B8046020000E65C003412000030E702A09100008039170034120000CCB900A091000060CE05008D040000732E006824000060CE054023010000732E001A090000987301D0480000C09C0B8046020000E65C003412000030E702A0910000803917008D040000CCB9006824000060CE054023010000732E001A090000987301D0480000C09C0B8046020000E65C003412000030E702804602008039170034120000CCB900A091000060CE05008D040000CCB9006824000060CE054023010000732E001A090000987301D0480000C09C0B8046020000E65C003412000030E702A0910000803917008D040000CCB9006824000060CE054023010000732E001A090000987301D0480000C09C0B8046020000E65C00D048000030E702804602008039170034120000CCB900A0910000803917008D040000CCB9006824000060CE054023010000732E001A090000987301D0480000C09C0B8046020000E65C003412000030E702A0910000803917008D040000CCB9006824000060CE054023010000732E001A090000987301D0480000C09C0B8046A291000060CE05008D040000732E006824000098730140230100C09C6BCE054023010000732E001A090000987301D0480000C09C0B8046020000E65C003412000030E702A0910000803917008D040000CCB9006824000060CE054023010000732E001A090000987301D0480000C09C0B8046020000E65C003412000030E702A091F829000060CE05008D040000732E006824000098730140230100C09C0B001A090000987301D0480000C09C0B8046020000E65C003412000030E702A0910000803917008D040000CCB9006824000060CE054023010000732E001A090000987301D0480000C09C0B804602549E3977AD0E7DADB17A7C22FFAC89FCB70060CE054023012A585F8140EF1061348F4FE49F3591FF1600CCB900682440051398084C00CCB900A09100430804042683FF5B0030E702A09100154C6022300130E7028046020C211010980CFE6F01C09C0B80460254B089B8F2CC44FE59AE9203803917008D042879F7AD0F4FFA290060CE05402301C8EC09A1BEB13DDCE32701803917008D040000CCB9006824000060CE054023010000732E001A090000987301D0480000C09C0B8046020000E65C00D048000030E702804602008039170034120000CCB900A0910000803917008D040000CCB9006824000060CE054023010000732E001A090000987301D0480000C09C0B8046020000E65C003412000030E702A0910000803917008D040000CCB9006824000060CE054023010000732E001A090000987301D0480000C09C0B8046A291000060CE05008D040000732E006824000098730140230100C09C6BCE054023010000732E001A090000987301D0480000C09C0B8046020000E65C003412000030E702A0910000803917008D040000CCB9006824000060CE054023010000732E001A090000987301D0480000C09C0B8046020000E65C003412000030E702A09100008039170034120000CCB900A091000060CE05008D040000732E008CA2915896655996655956252ED33E00000000000000000000000000000000000000000000000000000000000000000000000000008CD0FF03E196D495DBCFA4B40000000049454E44AE426082, '1');
INSERT INTO `act_ge_bytearray` VALUES ('5005', '1', 'D:\\kaifa\\sts-workspace\\java-basic-springboot\\target\\classes\\bpmn\\vacation.vacationProcess.png', '5001', 0x89504E470D0A1A0A0000000D49484452000003D90000011D08060000001852A46100000F924944415478DAEDDD5D6C95F51D07702EBDF4CE4BEFBCF4CEAB79E1B23BAF96605A4F5B620D2FC15A63637829160429AC2E36C128D09BC505A6234AC2706484ADC01A3B46039308B35B239109525ADB9C300BA5B4B67DF6FF771C727AA0D8D7730E3C9F4FF20BACA7207BCE37CFF9FEFBBC2D5B0600000000000000000000000000000000000000000000000000000000000000000000000000000000000000000000000000000000000000000000000000000000000000000000000000000000000000000000000000000000000000000000000000000000000000000000000000000000000000000000000000000000000000000000000000000000000000000000000000000000000000000000000000000000000000000000000000000000000000000000000000000000000000000000000000000000000000000000000000000000000000000000000000000000000000000000000000000000000000000000000000000000000000000000000000000000000000000000000000000000000000000000000000000000000000000000000000000000000000000000000000000000000000000000000000000000000000000000000000000000000000000000000000000000000000000000000000000000000000000000000000000000000000000000000000000000000000000000000000000000000000000000000000000000000000000000000000000000000000000000000000000000000000000000000000000000000000000000000000000000000000000000000000000000000000000000000000000000000000000000000000000000000000000000000000000000000000000000000000000000000000000000000000000000000000000000000000000000000000000000000000000000000000000000000000000000000000000000000000000000000000000000000000000000000000000000000000000000000000000000000000000000000000000000000000000000000000000000000000000000000000000000000000000000000000000000000000000000000000000000000000000000000000000000000000000000000000000000000000000000000000000000000000000000000000000000000000000000000000000000000000000000000000000000000000000000000000000000000000000000000000000000000000000000000000000000000000000000000000000000000000000000000000000000000000000000000000000000000000000000000000000000000000000000000000000000000000000000000000000000000000299124C963972E5DFAEEF4E9D3C989132792F6F676530673FCF8F1E4F3CF3F9F0CD326A5722AA7F26CE419007848C4A2D7D9D9990C0C0C24A3A3A3A68C66707030E9E8E8980CC5AF554EE5544EE5D9C83300F01088475214BDF22E7CEDEDEDA3722AA7722ACF469E018087403C5551A92AEF89A731CAA99CCAA93C1B7906001E02B1482854CA9E9C1A39956723CF004011CBDECDFFF62597CEFE36E93EBE7D6AE2EFE3D79431654F4E8D9CCAB33C0300CCA1ECDDB8DE9B7CF5E72DC9F93FAD9F36F16BF135854CD9935323A7F22CCF0000B32C7BDF75FFF19EA2979BABDD471432654F4E8D9CCAB33C0300CCB6ECFDFBAFBF9EB1ECC5D71432654F4E8D9CCAB33C0300CCB2EC7DD5BE6DC6B2175F53C8943D3935722ACFF2CC4FA9ACAC7C2ACCFB2FBEF8E2994C26733DFC3A1E26C94DF8DA44F8F546F89E9EF0FB7D619EB5D50016595353D3937BF7EEFD5B7373F3F0E6CD9B27EAEAEA92EAEAEABB3BE3356BD6241B366C98DCBE7DFBADF07DFF7AEBADB77E6EAB297BCA9E9CCAA99CCAB391E7F2515151B121F4B66BF90BEA39CC8D30BF79EEB9E71EB325011660C78E1D6F6EDBB6ED564D4D4DB265CB96E4F0E1C3C9850B1792818181647C7C3CC9C966B3494F4F4F72ECD8B1A4B5B53559B162455C748F873FF33B3BE3C52B7BF1AEB63395BDF89A42A6ECC9A991537996670A85C5F18A3037E7B9B82E9CD17874DB560598A38686869F6DDAB4E9D6AA55AB9283070F4E2DA2E7626C6C2C3975EAD4D4C2BCAEAE6E22FC3D3B6CD58597BD8BA776CF58F6E26B0A99B227A7464EE5599E2958609F2E5C28C7B3115B5A5AA63A5E777777D2D7D7978C8C8CDCED70F160CAD75F7F9D1C3A7468EAFBE2C193FB2CB607C3DFF38C2D0C300B61617C70E5CA95C9BE7DFB92E1E1E164A1CE9E3D9BAC5EBD3A79E59557FA3299CC13B6F0FCCB5EB6F742F2D55FB6DE7BCA62F85A7C4D2153F6E4D4C8A93CCB3351EC5C77AEB7BEBB30AEADAD4D3EFAE8A3A945F45CC43E18CF666C686898B6D0AEACAC9C0CFF8D065B1BE0011A1B1BFFF5EAABAF265F7CF145B298868686923D7BF6C49DFBF8F2E5CB9FB6A5E757F6E2FCE71FFBEF297BF16BCA98B227A7464EE5599EC92DB0C322F887FC05713CBB301EB15E8878A9E0D1A347A7DD9727CC64586CB7DAEA00332CB0EBEBEBE7FCD3CDB93870E04052535333F9C20B2FFCC2169F47D9BB7D3BB9F8F7B67B4F590C5F8BAF2964CA9E9C1A39956779A6F008763C2D3CFF5E3A0BD5DBDB9BAC5FBFBEF0A8F6DBB63C409E788A783C82BD940BEC9CCF3EFB2C2EB41DD19E63D9BB71BD37F9FAD407335E1B185F8BDFA394297B722AA7F6A8F22CCFE955780D765757D792F4B9780D77BC5E3BFF88765555D5F3DE018065FFBFC959BC06FBCB2FBF4C8AE5E38F3F1EAFAEAEEE73E7F15994BDDBB793BE8B27937F1E7B73C6A2979BF83DF17B1D5D51F6E4544E9167794EE5027B45E111ECA5146F92B673E7CE69CFD78ECFE0F64E00A9D7D8D838126F72566CAFBFFE7ADC117FEA1D98B9ECFDD451144757943D3935722ACFF24C4EE855B7F2AFC15ECC53C41F74DF9D7883DBBCD3C6CF792780548BCFC18E8FE95A8CBB88CFE77A9EAAAAAA493FF19CB9ECCDE628CA838EAE2868CA9E9CCA29F22CCFE9505151B121FF2EE20BBDC9D95CC41BE6E69F369EC9649EF58E00A9B56DDBB65BF11988A5F2CE3BEFDC8ED70E7927EE5FF6E65BF472A3A0297B722AA7C8B33CA743E853FDB9856E7C4C57B1B5B6B6E62FB4CF784780546A6A6A7AB2A6A626C966B3255B64F7F6F64EC49F78BA367BF68F9231CA9E9C1A39956779265F3C2B30B7C08D8FD72AC68D6C0B7DF3CD37D39E9FBD72E5CA27BD3340EAB4B5B59D8ED7EB94DADAB56B4733994C9DB2A7EC297B726AE4549E8D3CCF6B91FD7E6E811BEFF85D2A0D0D0DF937416BF1CE00A9D3DCDC3C7CE4C891922FB277EDDA35F4289F321EFEBF6567F34304654FD9935323A7F26CE4793E798EA76717EB8EE20FF2C9279FB8011A906E9B376F9EB870E142C917D95D5D5DB7C287C7F547F8C331F781930D1F38AB943D654F4E8D9CCAB391E7C5CC73EC51B9EFEBE9E92965A7CBBF2E3BAB6D03A953575757926B760AF5F7F78FC7E72AA6E0C3313783F7FB89B4B2A7ECC9A991537936F23C9F3C87AF8DE75E2FE65DC50B5DB97265DA33B3B56D2075E28D318AF1FCC4D9883BE3147D38DEFD096FFE87A4B2A7ECC9A991537936F23C9F3CE77F7D6464A4647D6E6C6C6CDABF51DB0652B9D32E17295D64DFFD89743CFD4BD953F6E4D4C8A93C1B799E4F9EF3FF7739743A8B6C20B5CAED4876DA47D92BFF91533995537936F25CEEE34836400995CB35D983838369BB263B37372B2B2BDFCE3D23BC9CCB5EF8E7DD778AF5BA232A725A8EB92CD7DC3AF267BF6BBF9BBE3CBB261BA04C3435354D76777797C5DDC5C3CEF887147D384E2B7939E55EF61EF4B5A57E5DD993D372CC65B9E6D6A2C47ED77E377D797677718032119F937DF4E8D172794EF699147C38DE081F822D85254FD953F6E4D4225B4EE5D97E579E1792E7F0DAF972784E76FC6FE7FD7BCF6BDB40EAECD9B3E7ECCE9D3B4BBEC8AEAFAFBF1D3E341A1EE10FC7FB1E4151F6943D39B5C8965379B6DF95E7C5C8735555555B6E71DBD2D252B24EB77EFDFABB8BECF06F6ED5B681D459B76EDDD32FBDF452323C3C5CCA67644F840576525B5BFB78DADF0F654FD993538B6C39B5DFB5DF95E7F9A8AEAE7E26B7B88D37B61D1A1A2AE9F5D87716D94F79678054DAB871E358474747C916D9BB77EF1E0E3BE11EEF84B2A7ECC9A945B69CDAEFDAEFCAF3FCE55F977DE8D0A1A277BAB6B6B6FC45F645EF08905A8D8D8D1FAC5BB7AE248FF28A47D0ABAAAA26E34F5FBD13CA9EB227A716D9726ABF6BBF2BCFF3977FCA787C824C311FE5D5DBDB3B75043DEF687AA5770448B5B0239EE8ECEC2CFA22BBB9B979C44D311E9EB2B7CCA36494BD651EE1B5CC23BCE4D97E579ECBD49D47798DE416BA870F1F2E5AA7DBBE7D7BFE51EC6BDE0D20F556AF5EBD294C72FDFAF5A2ED8CCF9D3B375655553596C9649EF00E947FD933CA9E9CCAA93C1B792E7FF947B3E391E56FBFFD76C93B5D7C524DFEB5D8151515BFF44E00046BD7AEBDFADE7BEF15E5B4F16BD7AE4D9D261E76C21B6C79654FD9935323A7F26CE479F184856E7F6EC1FBC61B6F2CE90D6E4F9D3A35ED34F130BFF70E00DC114F317AF9E5977FDCBF7FFF922EB0070606E29DC4C73399CC1F6C75654FD9935323A7F26CE479712D5FBEFCE9B0D89DC82D7CE3E35AC7C6C69664811D3A9D9B9D013C487CD4424D4DCDE452DD91321EC18E0BECB0133E6D6B2B7BCA9E9C1A39956723CF4BD6E9568599CC2D80E335D3D96C76514F112F38823DE812408019C43B7D8785F6F8871F7E38B104D7604F3A82ADEC297B726AE4549E8D3C2FBDD0B95AF2AF958E479DBBBABA167C17F1AD5BB74EBB06DB021B60763FFD7C2A2CB6FBE25DC72F5FBEBCE0C774C5BB88C79B9CB9065BD953F6E4D4C8A93C1B792E9ED8BDC22278327F51DCD2D292F4F4F4CCA9CF5DB97265EA39D80547AFA74E11B7C00698DB62FBD3B0389ED8B163C7ED4B972ECDE9C8767F7FFFC4DEBD7B87E3D1EBF0F774DB012B7BCA9E9C1A39956723CFC517BAD8F361313C5EB0384E5E7BEDB5E4C08103497C8C6BBC0B79EEBAEDF86B5C54C7A3DE070F1E4C366EDC58B8B07693338085888BE3B013ED883BE7356BD68CBEFBEEBB374E9E3C391C76BED36E439ECD6627C2CEF8D6AE5DBB86EAEBEB6F873F9784C5754F3CFDDC5654F6943D3935722ACF469E4BDEE74E171ED59EE75CF3982E8045126FA27167C13D18E6C7FC1D6ED879C7BB58DE087326FCBEA1B6B6F6715B4CD953F6E4D4C8A93C1B792E1FF1E047E86A9DF937459BC35C0C7FBED2560440D933CA9E9CCA29F22CCFE4890743EE5CAF7DE6CEC193F1FB1C3CC986391F16E4EFC7FBF5D86A00287B46D9935339459EE5190050F68CB227A7464EE5D9C83300A0EC297B726AE4549E8D3C0300CA9E51F6E4544EE5D9C83300A0EC19654F4E8D9CCAB33C0300143A71E28442A5ECC9A991537936F20C002C86CECECE89818101A5AA4CE7EAD5AB9743D91B95533995537936F20C003C044E9E3CF9AB8E8E8EC9EFBFFF5EB92AC3A277FCF8F11FC3B4CAA99CCAA93C1B7906001E12A14CBCDDDEDE7E339E1E67CA6A46153D3995537936F20C000000000000000000000000000000000000000000000000000000000000000000008F8CFF015142DF4950557B600000000049454E44AE426082, '1');

-- ----------------------------
-- Table structure for act_ge_property
-- ----------------------------
DROP TABLE IF EXISTS `act_ge_property`;
CREATE TABLE `act_ge_property` (
  `NAME_` varchar(64) COLLATE utf8_bin NOT NULL DEFAULT '',
  `VALUE_` varchar(300) COLLATE utf8_bin DEFAULT NULL,
  `REV_` int(11) DEFAULT NULL,
  PRIMARY KEY (`NAME_`)
) ENGINE=InnoDB DEFAULT CHARSET=utf8 COLLATE=utf8_bin;

-- ----------------------------
-- Records of act_ge_property
-- ----------------------------
INSERT INTO `act_ge_property` VALUES ('cfg.execution-related-entities-count', 'false', '1');
INSERT INTO `act_ge_property` VALUES ('next.dbid', '12501', '6');
INSERT INTO `act_ge_property` VALUES ('schema.history', 'create(6.0.0.4)', '1');
INSERT INTO `act_ge_property` VALUES ('schema.version', '6.0.0.4', '1');

-- ----------------------------
-- Table structure for act_hi_actinst
-- ----------------------------
DROP TABLE IF EXISTS `act_hi_actinst`;
CREATE TABLE `act_hi_actinst` (
  `ID_` varchar(64) COLLATE utf8_bin NOT NULL,
  `PROC_DEF_ID_` varchar(64) COLLATE utf8_bin NOT NULL,
  `PROC_INST_ID_` varchar(64) COLLATE utf8_bin NOT NULL,
  `EXECUTION_ID_` varchar(64) COLLATE utf8_bin NOT NULL,
  `ACT_ID_` varchar(255) COLLATE utf8_bin NOT NULL,
  `TASK_ID_` varchar(64) COLLATE utf8_bin DEFAULT NULL,
  `CALL_PROC_INST_ID_` varchar(64) COLLATE utf8_bin DEFAULT NULL,
  `ACT_NAME_` varchar(255) COLLATE utf8_bin DEFAULT NULL,
  `ACT_TYPE_` varchar(255) COLLATE utf8_bin NOT NULL,
  `ASSIGNEE_` varchar(255) COLLATE utf8_bin DEFAULT NULL,
  `START_TIME_` datetime NOT NULL,
  `END_TIME_` datetime DEFAULT NULL,
  `DURATION_` bigint(20) DEFAULT NULL,
  `DELETE_REASON_` varchar(4000) COLLATE utf8_bin DEFAULT NULL,
  `TENANT_ID_` varchar(255) COLLATE utf8_bin DEFAULT '',
  PRIMARY KEY (`ID_`),
  KEY `ACT_IDX_HI_ACT_INST_START` (`START_TIME_`),
  KEY `ACT_IDX_HI_ACT_INST_END` (`END_TIME_`),
  KEY `ACT_IDX_HI_ACT_INST_PROCINST` (`PROC_INST_ID_`,`ACT_ID_`),
  KEY `ACT_IDX_HI_ACT_INST_EXEC` (`EXECUTION_ID_`,`ACT_ID_`)
) ENGINE=InnoDB DEFAULT CHARSET=utf8 COLLATE=utf8_bin;

-- ----------------------------
-- Records of act_hi_actinst
-- ----------------------------
INSERT INTO `act_hi_actinst` VALUES ('10006', 'vacationProcess:1:5007', '10001', '10005', 'startevent1', null, null, 'Start', 'startEvent', null, '2020-04-24 17:53:02', '2020-04-24 17:53:02', '20', null, '');
INSERT INTO `act_hi_actinst` VALUES ('10007', 'vacationProcess:1:5007', '10001', '10005', 'usertask1', '10008', null, '发起申请', 'userTask', 'zhangsan', '2020-04-24 17:53:02', null, null, null, '');

-- ----------------------------
-- Table structure for act_hi_attachment
-- ----------------------------
DROP TABLE IF EXISTS `act_hi_attachment`;
CREATE TABLE `act_hi_attachment` (
  `ID_` varchar(64) COLLATE utf8_bin NOT NULL,
  `REV_` int(11) DEFAULT NULL,
  `USER_ID_` varchar(255) COLLATE utf8_bin DEFAULT NULL,
  `NAME_` varchar(255) COLLATE utf8_bin DEFAULT NULL,
  `DESCRIPTION_` varchar(4000) COLLATE utf8_bin DEFAULT NULL,
  `TYPE_` varchar(255) COLLATE utf8_bin DEFAULT NULL,
  `TASK_ID_` varchar(64) COLLATE utf8_bin DEFAULT NULL,
  `PROC_INST_ID_` varchar(64) COLLATE utf8_bin DEFAULT NULL,
  `URL_` varchar(4000) COLLATE utf8_bin DEFAULT NULL,
  `CONTENT_ID_` varchar(64) COLLATE utf8_bin DEFAULT NULL,
  `TIME_` datetime DEFAULT NULL,
  PRIMARY KEY (`ID_`)
) ENGINE=InnoDB DEFAULT CHARSET=utf8 COLLATE=utf8_bin;

-- ----------------------------
-- Records of act_hi_attachment
-- ----------------------------

-- ----------------------------
-- Table structure for act_hi_comment
-- ----------------------------
DROP TABLE IF EXISTS `act_hi_comment`;
CREATE TABLE `act_hi_comment` (
  `ID_` varchar(64) COLLATE utf8_bin NOT NULL,
  `TYPE_` varchar(255) COLLATE utf8_bin DEFAULT NULL,
  `TIME_` datetime NOT NULL,
  `USER_ID_` varchar(255) COLLATE utf8_bin DEFAULT NULL,
  `TASK_ID_` varchar(64) COLLATE utf8_bin DEFAULT NULL,
  `PROC_INST_ID_` varchar(64) COLLATE utf8_bin DEFAULT NULL,
  `ACTION_` varchar(255) COLLATE utf8_bin DEFAULT NULL,
  `MESSAGE_` varchar(4000) COLLATE utf8_bin DEFAULT NULL,
  `FULL_MSG_` longblob,
  PRIMARY KEY (`ID_`)
) ENGINE=InnoDB DEFAULT CHARSET=utf8 COLLATE=utf8_bin;

-- ----------------------------
-- Records of act_hi_comment
-- ----------------------------

-- ----------------------------
-- Table structure for act_hi_detail
-- ----------------------------
DROP TABLE IF EXISTS `act_hi_detail`;
CREATE TABLE `act_hi_detail` (
  `ID_` varchar(64) COLLATE utf8_bin NOT NULL,
  `TYPE_` varchar(255) COLLATE utf8_bin NOT NULL,
  `PROC_INST_ID_` varchar(64) COLLATE utf8_bin DEFAULT NULL,
  `EXECUTION_ID_` varchar(64) COLLATE utf8_bin DEFAULT NULL,
  `TASK_ID_` varchar(64) COLLATE utf8_bin DEFAULT NULL,
  `ACT_INST_ID_` varchar(64) COLLATE utf8_bin DEFAULT NULL,
  `NAME_` varchar(255) COLLATE utf8_bin NOT NULL,
  `VAR_TYPE_` varchar(255) COLLATE utf8_bin DEFAULT NULL,
  `REV_` int(11) DEFAULT NULL,
  `TIME_` datetime NOT NULL,
  `BYTEARRAY_ID_` varchar(64) COLLATE utf8_bin DEFAULT NULL,
  `DOUBLE_` double DEFAULT NULL,
  `LONG_` bigint(20) DEFAULT NULL,
  `TEXT_` varchar(4000) COLLATE utf8_bin DEFAULT NULL,
  `TEXT2_` varchar(4000) COLLATE utf8_bin DEFAULT NULL,
  PRIMARY KEY (`ID_`),
  KEY `ACT_IDX_HI_DETAIL_PROC_INST` (`PROC_INST_ID_`),
  KEY `ACT_IDX_HI_DETAIL_ACT_INST` (`ACT_INST_ID_`),
  KEY `ACT_IDX_HI_DETAIL_TIME` (`TIME_`),
  KEY `ACT_IDX_HI_DETAIL_NAME` (`NAME_`),
  KEY `ACT_IDX_HI_DETAIL_TASK_ID` (`TASK_ID_`)
) ENGINE=InnoDB DEFAULT CHARSET=utf8 COLLATE=utf8_bin;

-- ----------------------------
-- Records of act_hi_detail
-- ----------------------------

-- ----------------------------
-- Table structure for act_hi_identitylink
-- ----------------------------
DROP TABLE IF EXISTS `act_hi_identitylink`;
CREATE TABLE `act_hi_identitylink` (
  `ID_` varchar(64) COLLATE utf8_bin NOT NULL DEFAULT '',
  `GROUP_ID_` varchar(255) COLLATE utf8_bin DEFAULT NULL,
  `TYPE_` varchar(255) COLLATE utf8_bin DEFAULT NULL,
  `USER_ID_` varchar(255) COLLATE utf8_bin DEFAULT NULL,
  `TASK_ID_` varchar(64) COLLATE utf8_bin DEFAULT NULL,
  `PROC_INST_ID_` varchar(64) COLLATE utf8_bin DEFAULT NULL,
  PRIMARY KEY (`ID_`),
  KEY `ACT_IDX_HI_IDENT_LNK_USER` (`USER_ID_`),
  KEY `ACT_IDX_HI_IDENT_LNK_TASK` (`TASK_ID_`),
  KEY `ACT_IDX_HI_IDENT_LNK_PROCINST` (`PROC_INST_ID_`)
) ENGINE=InnoDB DEFAULT CHARSET=utf8 COLLATE=utf8_bin;

-- ----------------------------
-- Records of act_hi_identitylink
-- ----------------------------
INSERT INTO `act_hi_identitylink` VALUES ('10009', null, 'participant', 'zhangsan', null, '10001');

-- ----------------------------
-- Table structure for act_hi_procinst
-- ----------------------------
DROP TABLE IF EXISTS `act_hi_procinst`;
CREATE TABLE `act_hi_procinst` (
  `ID_` varchar(64) COLLATE utf8_bin NOT NULL,
  `PROC_INST_ID_` varchar(64) COLLATE utf8_bin NOT NULL,
  `BUSINESS_KEY_` varchar(255) COLLATE utf8_bin DEFAULT NULL,
  `PROC_DEF_ID_` varchar(64) COLLATE utf8_bin NOT NULL,
  `START_TIME_` datetime NOT NULL,
  `END_TIME_` datetime DEFAULT NULL,
  `DURATION_` bigint(20) DEFAULT NULL,
  `START_USER_ID_` varchar(255) COLLATE utf8_bin DEFAULT NULL,
  `START_ACT_ID_` varchar(255) COLLATE utf8_bin DEFAULT NULL,
  `END_ACT_ID_` varchar(255) COLLATE utf8_bin DEFAULT NULL,
  `SUPER_PROCESS_INSTANCE_ID_` varchar(64) COLLATE utf8_bin DEFAULT NULL,
  `DELETE_REASON_` varchar(4000) COLLATE utf8_bin DEFAULT NULL,
  `TENANT_ID_` varchar(255) COLLATE utf8_bin DEFAULT '',
  `NAME_` varchar(255) COLLATE utf8_bin DEFAULT NULL,
  PRIMARY KEY (`ID_`),
  UNIQUE KEY `PROC_INST_ID_` (`PROC_INST_ID_`),
  KEY `ACT_IDX_HI_PRO_INST_END` (`END_TIME_`),
  KEY `ACT_IDX_HI_PRO_I_BUSKEY` (`BUSINESS_KEY_`)
) ENGINE=InnoDB DEFAULT CHARSET=utf8 COLLATE=utf8_bin;

-- ----------------------------
-- Records of act_hi_procinst
-- ----------------------------
INSERT INTO `act_hi_procinst` VALUES ('10001', '10001', null, 'vacationProcess:1:5007', '2020-04-24 17:53:02', null, null, null, 'startevent1', null, null, null, '', null);

-- ----------------------------
-- Table structure for act_hi_taskinst
-- ----------------------------
DROP TABLE IF EXISTS `act_hi_taskinst`;
CREATE TABLE `act_hi_taskinst` (
  `ID_` varchar(64) COLLATE utf8_bin NOT NULL,
  `PROC_DEF_ID_` varchar(64) COLLATE utf8_bin DEFAULT NULL,
  `TASK_DEF_KEY_` varchar(255) COLLATE utf8_bin DEFAULT NULL,
  `PROC_INST_ID_` varchar(64) COLLATE utf8_bin DEFAULT NULL,
  `EXECUTION_ID_` varchar(64) COLLATE utf8_bin DEFAULT NULL,
  `NAME_` varchar(255) COLLATE utf8_bin DEFAULT NULL,
  `PARENT_TASK_ID_` varchar(64) COLLATE utf8_bin DEFAULT NULL,
  `DESCRIPTION_` varchar(4000) COLLATE utf8_bin DEFAULT NULL,
  `OWNER_` varchar(255) COLLATE utf8_bin DEFAULT NULL,
  `ASSIGNEE_` varchar(255) COLLATE utf8_bin DEFAULT NULL,
  `START_TIME_` datetime NOT NULL,
  `CLAIM_TIME_` datetime DEFAULT NULL,
  `END_TIME_` datetime DEFAULT NULL,
  `DURATION_` bigint(20) DEFAULT NULL,
  `DELETE_REASON_` varchar(4000) COLLATE utf8_bin DEFAULT NULL,
  `PRIORITY_` int(11) DEFAULT NULL,
  `DUE_DATE_` datetime DEFAULT NULL,
  `FORM_KEY_` varchar(255) COLLATE utf8_bin DEFAULT NULL,
  `CATEGORY_` varchar(255) COLLATE utf8_bin DEFAULT NULL,
  `TENANT_ID_` varchar(255) COLLATE utf8_bin DEFAULT '',
  PRIMARY KEY (`ID_`),
  KEY `ACT_IDX_HI_TASK_INST_PROCINST` (`PROC_INST_ID_`)
) ENGINE=InnoDB DEFAULT CHARSET=utf8 COLLATE=utf8_bin;

-- ----------------------------
-- Records of act_hi_taskinst
-- ----------------------------
INSERT INTO `act_hi_taskinst` VALUES ('10008', 'vacationProcess:1:5007', 'usertask1', '10001', '10005', '发起申请', null, null, null, 'zhangsan', '2020-04-24 17:53:02', null, null, null, null, '50', null, null, null, '');

-- ----------------------------
-- Table structure for act_hi_varinst
-- ----------------------------
DROP TABLE IF EXISTS `act_hi_varinst`;
CREATE TABLE `act_hi_varinst` (
  `ID_` varchar(64) COLLATE utf8_bin NOT NULL,
  `PROC_INST_ID_` varchar(64) COLLATE utf8_bin DEFAULT NULL,
  `EXECUTION_ID_` varchar(64) COLLATE utf8_bin DEFAULT NULL,
  `TASK_ID_` varchar(64) COLLATE utf8_bin DEFAULT NULL,
  `NAME_` varchar(255) COLLATE utf8_bin NOT NULL,
  `VAR_TYPE_` varchar(100) COLLATE utf8_bin DEFAULT NULL,
  `REV_` int(11) DEFAULT NULL,
  `BYTEARRAY_ID_` varchar(64) COLLATE utf8_bin DEFAULT NULL,
  `DOUBLE_` double DEFAULT NULL,
  `LONG_` bigint(20) DEFAULT NULL,
  `TEXT_` varchar(4000) COLLATE utf8_bin DEFAULT NULL,
  `TEXT2_` varchar(4000) COLLATE utf8_bin DEFAULT NULL,
  `CREATE_TIME_` datetime DEFAULT NULL,
  `LAST_UPDATED_TIME_` datetime DEFAULT NULL,
  PRIMARY KEY (`ID_`),
  KEY `ACT_IDX_HI_PROCVAR_PROC_INST` (`PROC_INST_ID_`),
  KEY `ACT_IDX_HI_PROCVAR_NAME_TYPE` (`NAME_`,`VAR_TYPE_`),
  KEY `ACT_IDX_HI_PROCVAR_TASK_ID` (`TASK_ID_`)
) ENGINE=InnoDB DEFAULT CHARSET=utf8 COLLATE=utf8_bin;

-- ----------------------------
-- Records of act_hi_varinst
-- ----------------------------
INSERT INTO `act_hi_varinst` VALUES ('10002', '10001', '10001', null, 'employeeName', 'string', '0', null, null, null, 'zhangsan', null, '2020-04-24 17:53:02', '2020-04-24 17:53:02');
INSERT INTO `act_hi_varinst` VALUES ('10003', '10001', '10001', null, 'reason', 'string', '0', null, null, null, '审核', null, '2020-04-24 17:53:02', '2020-04-24 17:53:02');
INSERT INTO `act_hi_varinst` VALUES ('10004', '10001', '10001', null, 'leadName', 'string', '0', null, null, null, 'lisi', null, '2020-04-24 17:53:02', '2020-04-24 17:53:02');

-- ----------------------------
-- Table structure for act_id_group
-- ----------------------------
DROP TABLE IF EXISTS `act_id_group`;
CREATE TABLE `act_id_group` (
  `ID_` varchar(64) COLLATE utf8_bin NOT NULL DEFAULT '',
  `REV_` int(11) DEFAULT NULL,
  `NAME_` varchar(255) COLLATE utf8_bin DEFAULT NULL,
  `TYPE_` varchar(255) COLLATE utf8_bin DEFAULT NULL,
  PRIMARY KEY (`ID_`)
) ENGINE=InnoDB DEFAULT CHARSET=utf8 COLLATE=utf8_bin;

-- ----------------------------
-- Records of act_id_group
-- ----------------------------

-- ----------------------------
-- Table structure for act_id_info
-- ----------------------------
DROP TABLE IF EXISTS `act_id_info`;
CREATE TABLE `act_id_info` (
  `ID_` varchar(64) COLLATE utf8_bin NOT NULL DEFAULT '',
  `REV_` int(11) DEFAULT NULL,
  `USER_ID_` varchar(64) COLLATE utf8_bin DEFAULT NULL,
  `TYPE_` varchar(64) COLLATE utf8_bin DEFAULT NULL,
  `KEY_` varchar(255) COLLATE utf8_bin DEFAULT NULL,
  `VALUE_` varchar(255) COLLATE utf8_bin DEFAULT NULL,
  `PASSWORD_` longblob,
  `PARENT_ID_` varchar(255) COLLATE utf8_bin DEFAULT NULL,
  PRIMARY KEY (`ID_`)
) ENGINE=InnoDB DEFAULT CHARSET=utf8 COLLATE=utf8_bin;

-- ----------------------------
-- Records of act_id_info
-- ----------------------------

-- ----------------------------
-- Table structure for act_id_membership
-- ----------------------------
DROP TABLE IF EXISTS `act_id_membership`;
CREATE TABLE `act_id_membership` (
  `USER_ID_` varchar(64) COLLATE utf8_bin NOT NULL DEFAULT '',
  `GROUP_ID_` varchar(64) COLLATE utf8_bin NOT NULL DEFAULT '',
  PRIMARY KEY (`USER_ID_`,`GROUP_ID_`),
  KEY `ACT_FK_MEMB_GROUP` (`GROUP_ID_`),
  CONSTRAINT `ACT_FK_MEMB_USER` FOREIGN KEY (`USER_ID_`) REFERENCES `act_id_user` (`ID_`),
  CONSTRAINT `ACT_FK_MEMB_GROUP` FOREIGN KEY (`GROUP_ID_`) REFERENCES `act_id_group` (`ID_`)
) ENGINE=InnoDB DEFAULT CHARSET=utf8 COLLATE=utf8_bin;

-- ----------------------------
-- Records of act_id_membership
-- ----------------------------

-- ----------------------------
-- Table structure for act_id_user
-- ----------------------------
DROP TABLE IF EXISTS `act_id_user`;
CREATE TABLE `act_id_user` (
  `ID_` varchar(64) COLLATE utf8_bin NOT NULL DEFAULT '',
  `REV_` int(11) DEFAULT NULL,
  `FIRST_` varchar(255) COLLATE utf8_bin DEFAULT NULL,
  `LAST_` varchar(255) COLLATE utf8_bin DEFAULT NULL,
  `EMAIL_` varchar(255) COLLATE utf8_bin DEFAULT NULL,
  `PWD_` varchar(255) COLLATE utf8_bin DEFAULT NULL,
  `PICTURE_ID_` varchar(64) COLLATE utf8_bin DEFAULT NULL,
  PRIMARY KEY (`ID_`)
) ENGINE=InnoDB DEFAULT CHARSET=utf8 COLLATE=utf8_bin;

-- ----------------------------
-- Records of act_id_user
-- ----------------------------

-- ----------------------------
-- Table structure for act_procdef_info
-- ----------------------------
DROP TABLE IF EXISTS `act_procdef_info`;
CREATE TABLE `act_procdef_info` (
  `ID_` varchar(64) COLLATE utf8_bin NOT NULL,
  `PROC_DEF_ID_` varchar(64) COLLATE utf8_bin NOT NULL,
  `REV_` int(11) DEFAULT NULL,
  `INFO_JSON_ID_` varchar(64) COLLATE utf8_bin DEFAULT NULL,
  PRIMARY KEY (`ID_`),
  UNIQUE KEY `ACT_UNIQ_INFO_PROCDEF` (`PROC_DEF_ID_`),
  KEY `ACT_IDX_INFO_PROCDEF` (`PROC_DEF_ID_`),
  KEY `ACT_FK_INFO_JSON_BA` (`INFO_JSON_ID_`),
  CONSTRAINT `ACT_FK_INFO_PROCDEF` FOREIGN KEY (`PROC_DEF_ID_`) REFERENCES `act_re_procdef` (`ID_`),
  CONSTRAINT `ACT_FK_INFO_JSON_BA` FOREIGN KEY (`INFO_JSON_ID_`) REFERENCES `act_ge_bytearray` (`ID_`)
) ENGINE=InnoDB DEFAULT CHARSET=utf8 COLLATE=utf8_bin;

-- ----------------------------
-- Records of act_procdef_info
-- ----------------------------

-- ----------------------------
-- Table structure for act_re_deployment
-- ----------------------------
DROP TABLE IF EXISTS `act_re_deployment`;
CREATE TABLE `act_re_deployment` (
  `ID_` varchar(64) COLLATE utf8_bin NOT NULL DEFAULT '',
  `NAME_` varchar(255) COLLATE utf8_bin DEFAULT NULL,
  `CATEGORY_` varchar(255) COLLATE utf8_bin DEFAULT NULL,
  `KEY_` varchar(255) COLLATE utf8_bin DEFAULT NULL,
  `TENANT_ID_` varchar(255) COLLATE utf8_bin DEFAULT '',
  `DEPLOY_TIME_` timestamp NULL DEFAULT NULL,
  `ENGINE_VERSION_` varchar(255) COLLATE utf8_bin DEFAULT NULL,
  PRIMARY KEY (`ID_`)
) ENGINE=InnoDB DEFAULT CHARSET=utf8 COLLATE=utf8_bin;

-- ----------------------------
-- Records of act_re_deployment
-- ----------------------------
INSERT INTO `act_re_deployment` VALUES ('1', 'SpringAutoDeployment', null, null, '', '2020-04-24 16:10:04', null);
INSERT INTO `act_re_deployment` VALUES ('2501', 'SpringAutoDeployment', null, null, '', '2020-04-24 16:23:24', null);
INSERT INTO `act_re_deployment` VALUES ('5001', 'SpringAutoDeployment', null, null, '', '2020-04-24 17:46:00', null);

-- ----------------------------
-- Table structure for act_re_model
-- ----------------------------
DROP TABLE IF EXISTS `act_re_model`;
CREATE TABLE `act_re_model` (
  `ID_` varchar(64) COLLATE utf8_bin NOT NULL,
  `REV_` int(11) DEFAULT NULL,
  `NAME_` varchar(255) COLLATE utf8_bin DEFAULT NULL,
  `KEY_` varchar(255) COLLATE utf8_bin DEFAULT NULL,
  `CATEGORY_` varchar(255) COLLATE utf8_bin DEFAULT NULL,
  `CREATE_TIME_` timestamp NULL DEFAULT NULL,
  `LAST_UPDATE_TIME_` timestamp NULL DEFAULT NULL,
  `VERSION_` int(11) DEFAULT NULL,
  `META_INFO_` varchar(4000) COLLATE utf8_bin DEFAULT NULL,
  `DEPLOYMENT_ID_` varchar(64) COLLATE utf8_bin DEFAULT NULL,
  `EDITOR_SOURCE_VALUE_ID_` varchar(64) COLLATE utf8_bin DEFAULT NULL,
  `EDITOR_SOURCE_EXTRA_VALUE_ID_` varchar(64) COLLATE utf8_bin DEFAULT NULL,
  `TENANT_ID_` varchar(255) COLLATE utf8_bin DEFAULT '',
  PRIMARY KEY (`ID_`),
  KEY `ACT_FK_MODEL_SOURCE` (`EDITOR_SOURCE_VALUE_ID_`),
  KEY `ACT_FK_MODEL_SOURCE_EXTRA` (`EDITOR_SOURCE_EXTRA_VALUE_ID_`),
  KEY `ACT_FK_MODEL_DEPLOYMENT` (`DEPLOYMENT_ID_`),
  CONSTRAINT `ACT_FK_MODEL_DEPLOYMENT` FOREIGN KEY (`DEPLOYMENT_ID_`) REFERENCES `act_re_deployment` (`ID_`),
  CONSTRAINT `ACT_FK_MODEL_SOURCE` FOREIGN KEY (`EDITOR_SOURCE_VALUE_ID_`) REFERENCES `act_ge_bytearray` (`ID_`),
  CONSTRAINT `ACT_FK_MODEL_SOURCE_EXTRA` FOREIGN KEY (`EDITOR_SOURCE_EXTRA_VALUE_ID_`) REFERENCES `act_ge_bytearray` (`ID_`)
) ENGINE=InnoDB DEFAULT CHARSET=utf8 COLLATE=utf8_bin;

-- ----------------------------
-- Records of act_re_model
-- ----------------------------

-- ----------------------------
-- Table structure for act_re_procdef
-- ----------------------------
DROP TABLE IF EXISTS `act_re_procdef`;
CREATE TABLE `act_re_procdef` (
  `ID_` varchar(64) COLLATE utf8_bin NOT NULL,
  `REV_` int(11) DEFAULT NULL,
  `CATEGORY_` varchar(255) COLLATE utf8_bin DEFAULT NULL,
  `NAME_` varchar(255) COLLATE utf8_bin DEFAULT NULL,
  `KEY_` varchar(255) COLLATE utf8_bin NOT NULL,
  `VERSION_` int(11) NOT NULL,
  `DEPLOYMENT_ID_` varchar(64) COLLATE utf8_bin DEFAULT NULL,
  `RESOURCE_NAME_` varchar(4000) COLLATE utf8_bin DEFAULT NULL,
  `DGRM_RESOURCE_NAME_` varchar(4000) COLLATE utf8_bin DEFAULT NULL,
  `DESCRIPTION_` varchar(4000) COLLATE utf8_bin DEFAULT NULL,
  `HAS_START_FORM_KEY_` tinyint(4) DEFAULT NULL,
  `HAS_GRAPHICAL_NOTATION_` tinyint(4) DEFAULT NULL,
  `SUSPENSION_STATE_` int(11) DEFAULT NULL,
  `TENANT_ID_` varchar(255) COLLATE utf8_bin DEFAULT '',
  `ENGINE_VERSION_` varchar(255) COLLATE utf8_bin DEFAULT NULL,
  PRIMARY KEY (`ID_`),
  UNIQUE KEY `ACT_UNIQ_PROCDEF` (`KEY_`,`VERSION_`,`TENANT_ID_`)
) ENGINE=InnoDB DEFAULT CHARSET=utf8 COLLATE=utf8_bin;

-- ----------------------------
-- Records of act_re_procdef
-- ----------------------------
INSERT INTO `act_re_procdef` VALUES ('leaveProcess:1:5006', '1', 'http://www.activiti.org/test', 'LeaveProcess', 'leaveProcess', '1', '5001', 'D:\\kaifa\\sts-workspace\\java-basic-springboot\\target\\classes\\bpmn\\LeaveProcess.bpmn', 'D:\\kaifa\\sts-workspace\\java-basic-springboot\\target\\classes\\bpmn\\LeaveProcess.leaveProcess.png', null, '0', '1', '1', '', null);
INSERT INTO `act_re_procdef` VALUES ('myProcess:1:4', '1', 'http://www.activiti.org/test', 'vacationProcess', 'myProcess', '1', '1', 'D:\\kaifa\\sts-workspace\\java-basic-springboot\\target\\classes\\bpmn\\vacation.bpmn', 'D:\\kaifa\\sts-workspace\\java-basic-springboot\\target\\classes\\bpmn\\vacation.myProcess.png', null, '0', '1', '1', '', null);
INSERT INTO `act_re_procdef` VALUES ('myProcess:2:2504', '1', 'http://www.activiti.org/test', 'vacationProcess', 'myProcess', '2', '2501', 'vacation.bpmn', 'vacation.myProcess.png', null, '0', '1', '1', '', null);
INSERT INTO `act_re_procdef` VALUES ('vacationProcess:1:5007', '1', 'http://www.activiti.org/test', '文件审核流程', 'vacationProcess', '1', '5001', 'D:\\kaifa\\sts-workspace\\java-basic-springboot\\target\\classes\\bpmn\\vacation.bpmn', 'D:\\kaifa\\sts-workspace\\java-basic-springboot\\target\\classes\\bpmn\\vacation.vacationProcess.png', null, '0', '1', '1', '', null);

-- ----------------------------
-- Table structure for act_ru_deadletter_job
-- ----------------------------
DROP TABLE IF EXISTS `act_ru_deadletter_job`;
CREATE TABLE `act_ru_deadletter_job` (
  `ID_` varchar(64) COLLATE utf8_bin NOT NULL,
  `REV_` int(11) DEFAULT NULL,
  `TYPE_` varchar(255) COLLATE utf8_bin NOT NULL,
  `EXCLUSIVE_` tinyint(1) DEFAULT NULL,
  `EXECUTION_ID_` varchar(64) COLLATE utf8_bin DEFAULT NULL,
  `PROCESS_INSTANCE_ID_` varchar(64) COLLATE utf8_bin DEFAULT NULL,
  `PROC_DEF_ID_` varchar(64) COLLATE utf8_bin DEFAULT NULL,
  `EXCEPTION_STACK_ID_` varchar(64) COLLATE utf8_bin DEFAULT NULL,
  `EXCEPTION_MSG_` varchar(4000) COLLATE utf8_bin DEFAULT NULL,
  `DUEDATE_` timestamp NULL DEFAULT NULL,
  `REPEAT_` varchar(255) COLLATE utf8_bin DEFAULT NULL,
  `HANDLER_TYPE_` varchar(255) COLLATE utf8_bin DEFAULT NULL,
  `HANDLER_CFG_` varchar(4000) COLLATE utf8_bin DEFAULT NULL,
  `TENANT_ID_` varchar(255) COLLATE utf8_bin DEFAULT '',
  PRIMARY KEY (`ID_`),
  KEY `ACT_FK_DEADLETTER_JOB_EXECUTION` (`EXECUTION_ID_`),
  KEY `ACT_FK_DEADLETTER_JOB_PROCESS_INSTANCE` (`PROCESS_INSTANCE_ID_`),
  KEY `ACT_FK_DEADLETTER_JOB_PROC_DEF` (`PROC_DEF_ID_`),
  KEY `ACT_FK_DEADLETTER_JOB_EXCEPTION` (`EXCEPTION_STACK_ID_`),
  CONSTRAINT `ACT_FK_DEADLETTER_JOB_EXCEPTION` FOREIGN KEY (`EXCEPTION_STACK_ID_`) REFERENCES `act_ge_bytearray` (`ID_`),
  CONSTRAINT `ACT_FK_DEADLETTER_JOB_EXECUTION` FOREIGN KEY (`EXECUTION_ID_`) REFERENCES `act_ru_execution` (`ID_`),
  CONSTRAINT `ACT_FK_DEADLETTER_JOB_PROCESS_INSTANCE` FOREIGN KEY (`PROCESS_INSTANCE_ID_`) REFERENCES `act_ru_execution` (`ID_`),
  CONSTRAINT `ACT_FK_DEADLETTER_JOB_PROC_DEF` FOREIGN KEY (`PROC_DEF_ID_`) REFERENCES `act_re_procdef` (`ID_`)
) ENGINE=InnoDB DEFAULT CHARSET=utf8 COLLATE=utf8_bin;

-- ----------------------------
-- Records of act_ru_deadletter_job
-- ----------------------------

-- ----------------------------
-- Table structure for act_ru_event_subscr
-- ----------------------------
DROP TABLE IF EXISTS `act_ru_event_subscr`;
CREATE TABLE `act_ru_event_subscr` (
  `ID_` varchar(64) COLLATE utf8_bin NOT NULL,
  `REV_` int(11) DEFAULT NULL,
  `EVENT_TYPE_` varchar(255) COLLATE utf8_bin NOT NULL,
  `EVENT_NAME_` varchar(255) COLLATE utf8_bin DEFAULT NULL,
  `EXECUTION_ID_` varchar(64) COLLATE utf8_bin DEFAULT NULL,
  `PROC_INST_ID_` varchar(64) COLLATE utf8_bin DEFAULT NULL,
  `ACTIVITY_ID_` varchar(64) COLLATE utf8_bin DEFAULT NULL,
  `CONFIGURATION_` varchar(255) COLLATE utf8_bin DEFAULT NULL,
  `CREATED_` timestamp NOT NULL DEFAULT CURRENT_TIMESTAMP,
  `PROC_DEF_ID_` varchar(64) COLLATE utf8_bin DEFAULT NULL,
  `TENANT_ID_` varchar(255) COLLATE utf8_bin DEFAULT '',
  PRIMARY KEY (`ID_`),
  KEY `ACT_IDX_EVENT_SUBSCR_CONFIG_` (`CONFIGURATION_`),
  KEY `ACT_FK_EVENT_EXEC` (`EXECUTION_ID_`),
  CONSTRAINT `ACT_FK_EVENT_EXEC` FOREIGN KEY (`EXECUTION_ID_`) REFERENCES `act_ru_execution` (`ID_`)
) ENGINE=InnoDB DEFAULT CHARSET=utf8 COLLATE=utf8_bin;

-- ----------------------------
-- Records of act_ru_event_subscr
-- ----------------------------

-- ----------------------------
-- Table structure for act_ru_execution
-- ----------------------------
DROP TABLE IF EXISTS `act_ru_execution`;
CREATE TABLE `act_ru_execution` (
  `ID_` varchar(64) COLLATE utf8_bin NOT NULL DEFAULT '',
  `REV_` int(11) DEFAULT NULL,
  `PROC_INST_ID_` varchar(64) COLLATE utf8_bin DEFAULT NULL,
  `BUSINESS_KEY_` varchar(255) COLLATE utf8_bin DEFAULT NULL,
  `PARENT_ID_` varchar(64) COLLATE utf8_bin DEFAULT NULL,
  `PROC_DEF_ID_` varchar(64) COLLATE utf8_bin DEFAULT NULL,
  `SUPER_EXEC_` varchar(64) COLLATE utf8_bin DEFAULT NULL,
  `ROOT_PROC_INST_ID_` varchar(64) COLLATE utf8_bin DEFAULT NULL,
  `ACT_ID_` varchar(255) COLLATE utf8_bin DEFAULT NULL,
  `IS_ACTIVE_` tinyint(4) DEFAULT NULL,
  `IS_CONCURRENT_` tinyint(4) DEFAULT NULL,
  `IS_SCOPE_` tinyint(4) DEFAULT NULL,
  `IS_EVENT_SCOPE_` tinyint(4) DEFAULT NULL,
  `IS_MI_ROOT_` tinyint(4) DEFAULT NULL,
  `SUSPENSION_STATE_` int(11) DEFAULT NULL,
  `CACHED_ENT_STATE_` int(11) DEFAULT NULL,
  `TENANT_ID_` varchar(255) COLLATE utf8_bin DEFAULT '',
  `NAME_` varchar(255) COLLATE utf8_bin DEFAULT NULL,
  `START_TIME_` datetime DEFAULT NULL,
  `START_USER_ID_` varchar(255) COLLATE utf8_bin DEFAULT NULL,
  `LOCK_TIME_` timestamp NULL DEFAULT NULL,
  `IS_COUNT_ENABLED_` tinyint(4) DEFAULT NULL,
  `EVT_SUBSCR_COUNT_` int(11) DEFAULT NULL,
  `TASK_COUNT_` int(11) DEFAULT NULL,
  `JOB_COUNT_` int(11) DEFAULT NULL,
  `TIMER_JOB_COUNT_` int(11) DEFAULT NULL,
  `SUSP_JOB_COUNT_` int(11) DEFAULT NULL,
  `DEADLETTER_JOB_COUNT_` int(11) DEFAULT NULL,
  `VAR_COUNT_` int(11) DEFAULT NULL,
  `ID_LINK_COUNT_` int(11) DEFAULT NULL,
  PRIMARY KEY (`ID_`),
  KEY `ACT_IDX_EXEC_BUSKEY` (`BUSINESS_KEY_`),
  KEY `ACT_IDC_EXEC_ROOT` (`ROOT_PROC_INST_ID_`),
  KEY `ACT_FK_EXE_PROCINST` (`PROC_INST_ID_`),
  KEY `ACT_FK_EXE_PARENT` (`PARENT_ID_`),
  KEY `ACT_FK_EXE_SUPER` (`SUPER_EXEC_`),
  KEY `ACT_FK_EXE_PROCDEF` (`PROC_DEF_ID_`),
  CONSTRAINT `ACT_FK_EXE_PROCDEF` FOREIGN KEY (`PROC_DEF_ID_`) REFERENCES `act_re_procdef` (`ID_`),
  CONSTRAINT `ACT_FK_EXE_PARENT` FOREIGN KEY (`PARENT_ID_`) REFERENCES `act_ru_execution` (`ID_`) ON DELETE CASCADE,
  CONSTRAINT `ACT_FK_EXE_PROCINST` FOREIGN KEY (`PROC_INST_ID_`) REFERENCES `act_ru_execution` (`ID_`) ON DELETE CASCADE ON UPDATE CASCADE,
  CONSTRAINT `ACT_FK_EXE_SUPER` FOREIGN KEY (`SUPER_EXEC_`) REFERENCES `act_ru_execution` (`ID_`) ON DELETE CASCADE
) ENGINE=InnoDB DEFAULT CHARSET=utf8 COLLATE=utf8_bin;

-- ----------------------------
-- Records of act_ru_execution
-- ----------------------------
INSERT INTO `act_ru_execution` VALUES ('10001', '1', '10001', null, null, 'vacationProcess:1:5007', null, '10001', null, '1', '0', '1', '0', '0', '1', null, '', null, '2020-04-24 17:53:02', null, null, '0', '0', '0', '0', '0', '0', '0', '0', '0');
INSERT INTO `act_ru_execution` VALUES ('10005', '1', '10001', null, '10001', 'vacationProcess:1:5007', null, '10001', 'usertask1', '1', '0', '0', '0', '0', '1', null, '', null, '2020-04-24 17:53:02', null, null, '0', '0', '0', '0', '0', '0', '0', '0', '0');

-- ----------------------------
-- Table structure for act_ru_identitylink
-- ----------------------------
DROP TABLE IF EXISTS `act_ru_identitylink`;
CREATE TABLE `act_ru_identitylink` (
  `ID_` varchar(64) COLLATE utf8_bin NOT NULL DEFAULT '',
  `REV_` int(11) DEFAULT NULL,
  `GROUP_ID_` varchar(255) COLLATE utf8_bin DEFAULT NULL,
  `TYPE_` varchar(255) COLLATE utf8_bin DEFAULT NULL,
  `USER_ID_` varchar(255) COLLATE utf8_bin DEFAULT NULL,
  `TASK_ID_` varchar(64) COLLATE utf8_bin DEFAULT NULL,
  `PROC_INST_ID_` varchar(64) COLLATE utf8_bin DEFAULT NULL,
  `PROC_DEF_ID_` varchar(64) COLLATE utf8_bin DEFAULT NULL,
  PRIMARY KEY (`ID_`),
  KEY `ACT_IDX_IDENT_LNK_USER` (`USER_ID_`),
  KEY `ACT_IDX_IDENT_LNK_GROUP` (`GROUP_ID_`),
  KEY `ACT_IDX_ATHRZ_PROCEDEF` (`PROC_DEF_ID_`),
  KEY `ACT_FK_TSKASS_TASK` (`TASK_ID_`),
  KEY `ACT_FK_IDL_PROCINST` (`PROC_INST_ID_`),
  CONSTRAINT `ACT_FK_IDL_PROCINST` FOREIGN KEY (`PROC_INST_ID_`) REFERENCES `act_ru_execution` (`ID_`),
  CONSTRAINT `ACT_FK_ATHRZ_PROCEDEF` FOREIGN KEY (`PROC_DEF_ID_`) REFERENCES `act_re_procdef` (`ID_`),
  CONSTRAINT `ACT_FK_TSKASS_TASK` FOREIGN KEY (`TASK_ID_`) REFERENCES `act_ru_task` (`ID_`)
) ENGINE=InnoDB DEFAULT CHARSET=utf8 COLLATE=utf8_bin;

-- ----------------------------
-- Records of act_ru_identitylink
-- ----------------------------
INSERT INTO `act_ru_identitylink` VALUES ('10009', '1', null, 'participant', 'zhangsan', null, '10001', null);

-- ----------------------------
-- Table structure for act_ru_job
-- ----------------------------
DROP TABLE IF EXISTS `act_ru_job`;
CREATE TABLE `act_ru_job` (
  `ID_` varchar(64) COLLATE utf8_bin NOT NULL,
  `REV_` int(11) DEFAULT NULL,
  `TYPE_` varchar(255) COLLATE utf8_bin NOT NULL,
  `LOCK_EXP_TIME_` timestamp NULL DEFAULT NULL,
  `LOCK_OWNER_` varchar(255) COLLATE utf8_bin DEFAULT NULL,
  `EXCLUSIVE_` tinyint(1) DEFAULT NULL,
  `EXECUTION_ID_` varchar(64) COLLATE utf8_bin DEFAULT NULL,
  `PROCESS_INSTANCE_ID_` varchar(64) COLLATE utf8_bin DEFAULT NULL,
  `PROC_DEF_ID_` varchar(64) COLLATE utf8_bin DEFAULT NULL,
  `RETRIES_` int(11) DEFAULT NULL,
  `EXCEPTION_STACK_ID_` varchar(64) COLLATE utf8_bin DEFAULT NULL,
  `EXCEPTION_MSG_` varchar(4000) COLLATE utf8_bin DEFAULT NULL,
  `DUEDATE_` timestamp NULL DEFAULT NULL,
  `REPEAT_` varchar(255) COLLATE utf8_bin DEFAULT NULL,
  `HANDLER_TYPE_` varchar(255) COLLATE utf8_bin DEFAULT NULL,
  `HANDLER_CFG_` varchar(4000) COLLATE utf8_bin DEFAULT NULL,
  `TENANT_ID_` varchar(255) COLLATE utf8_bin DEFAULT '',
  PRIMARY KEY (`ID_`),
  KEY `ACT_FK_JOB_EXECUTION` (`EXECUTION_ID_`),
  KEY `ACT_FK_JOB_PROCESS_INSTANCE` (`PROCESS_INSTANCE_ID_`),
  KEY `ACT_FK_JOB_PROC_DEF` (`PROC_DEF_ID_`),
  KEY `ACT_FK_JOB_EXCEPTION` (`EXCEPTION_STACK_ID_`),
  CONSTRAINT `ACT_FK_JOB_EXCEPTION` FOREIGN KEY (`EXCEPTION_STACK_ID_`) REFERENCES `act_ge_bytearray` (`ID_`),
  CONSTRAINT `ACT_FK_JOB_EXECUTION` FOREIGN KEY (`EXECUTION_ID_`) REFERENCES `act_ru_execution` (`ID_`),
  CONSTRAINT `ACT_FK_JOB_PROCESS_INSTANCE` FOREIGN KEY (`PROCESS_INSTANCE_ID_`) REFERENCES `act_ru_execution` (`ID_`),
  CONSTRAINT `ACT_FK_JOB_PROC_DEF` FOREIGN KEY (`PROC_DEF_ID_`) REFERENCES `act_re_procdef` (`ID_`)
) ENGINE=InnoDB DEFAULT CHARSET=utf8 COLLATE=utf8_bin;

-- ----------------------------
-- Records of act_ru_job
-- ----------------------------

-- ----------------------------
-- Table structure for act_ru_suspended_job
-- ----------------------------
DROP TABLE IF EXISTS `act_ru_suspended_job`;
CREATE TABLE `act_ru_suspended_job` (
  `ID_` varchar(64) COLLATE utf8_bin NOT NULL,
  `REV_` int(11) DEFAULT NULL,
  `TYPE_` varchar(255) COLLATE utf8_bin NOT NULL,
  `EXCLUSIVE_` tinyint(1) DEFAULT NULL,
  `EXECUTION_ID_` varchar(64) COLLATE utf8_bin DEFAULT NULL,
  `PROCESS_INSTANCE_ID_` varchar(64) COLLATE utf8_bin DEFAULT NULL,
  `PROC_DEF_ID_` varchar(64) COLLATE utf8_bin DEFAULT NULL,
  `RETRIES_` int(11) DEFAULT NULL,
  `EXCEPTION_STACK_ID_` varchar(64) COLLATE utf8_bin DEFAULT NULL,
  `EXCEPTION_MSG_` varchar(4000) COLLATE utf8_bin DEFAULT NULL,
  `DUEDATE_` timestamp NULL DEFAULT NULL,
  `REPEAT_` varchar(255) COLLATE utf8_bin DEFAULT NULL,
  `HANDLER_TYPE_` varchar(255) COLLATE utf8_bin DEFAULT NULL,
  `HANDLER_CFG_` varchar(4000) COLLATE utf8_bin DEFAULT NULL,
  `TENANT_ID_` varchar(255) COLLATE utf8_bin DEFAULT '',
  PRIMARY KEY (`ID_`),
  KEY `ACT_FK_SUSPENDED_JOB_EXECUTION` (`EXECUTION_ID_`),
  KEY `ACT_FK_SUSPENDED_JOB_PROCESS_INSTANCE` (`PROCESS_INSTANCE_ID_`),
  KEY `ACT_FK_SUSPENDED_JOB_PROC_DEF` (`PROC_DEF_ID_`),
  KEY `ACT_FK_SUSPENDED_JOB_EXCEPTION` (`EXCEPTION_STACK_ID_`),
  CONSTRAINT `ACT_FK_SUSPENDED_JOB_EXCEPTION` FOREIGN KEY (`EXCEPTION_STACK_ID_`) REFERENCES `act_ge_bytearray` (`ID_`),
  CONSTRAINT `ACT_FK_SUSPENDED_JOB_EXECUTION` FOREIGN KEY (`EXECUTION_ID_`) REFERENCES `act_ru_execution` (`ID_`),
  CONSTRAINT `ACT_FK_SUSPENDED_JOB_PROCESS_INSTANCE` FOREIGN KEY (`PROCESS_INSTANCE_ID_`) REFERENCES `act_ru_execution` (`ID_`),
  CONSTRAINT `ACT_FK_SUSPENDED_JOB_PROC_DEF` FOREIGN KEY (`PROC_DEF_ID_`) REFERENCES `act_re_procdef` (`ID_`)
) ENGINE=InnoDB DEFAULT CHARSET=utf8 COLLATE=utf8_bin;

-- ----------------------------
-- Records of act_ru_suspended_job
-- ----------------------------

-- ----------------------------
-- Table structure for act_ru_task
-- ----------------------------
DROP TABLE IF EXISTS `act_ru_task`;
CREATE TABLE `act_ru_task` (
  `ID_` varchar(64) COLLATE utf8_bin NOT NULL DEFAULT '',
  `REV_` int(11) DEFAULT NULL,
  `EXECUTION_ID_` varchar(64) COLLATE utf8_bin DEFAULT NULL,
  `PROC_INST_ID_` varchar(64) COLLATE utf8_bin DEFAULT NULL,
  `PROC_DEF_ID_` varchar(64) COLLATE utf8_bin DEFAULT NULL,
  `NAME_` varchar(255) COLLATE utf8_bin DEFAULT NULL,
  `PARENT_TASK_ID_` varchar(64) COLLATE utf8_bin DEFAULT NULL,
  `DESCRIPTION_` varchar(4000) COLLATE utf8_bin DEFAULT NULL,
  `TASK_DEF_KEY_` varchar(255) COLLATE utf8_bin DEFAULT NULL,
  `OWNER_` varchar(255) COLLATE utf8_bin DEFAULT NULL,
  `ASSIGNEE_` varchar(255) COLLATE utf8_bin DEFAULT NULL,
  `DELEGATION_` varchar(64) COLLATE utf8_bin DEFAULT NULL,
  `PRIORITY_` int(11) DEFAULT NULL,
  `CREATE_TIME_` timestamp NULL DEFAULT NULL,
  `DUE_DATE_` datetime DEFAULT NULL,
  `CATEGORY_` varchar(255) COLLATE utf8_bin DEFAULT NULL,
  `SUSPENSION_STATE_` int(11) DEFAULT NULL,
  `TENANT_ID_` varchar(255) COLLATE utf8_bin DEFAULT '',
  `FORM_KEY_` varchar(255) COLLATE utf8_bin DEFAULT NULL,
  `CLAIM_TIME_` datetime DEFAULT NULL,
  PRIMARY KEY (`ID_`),
  KEY `ACT_IDX_TASK_CREATE` (`CREATE_TIME_`),
  KEY `ACT_FK_TASK_EXE` (`EXECUTION_ID_`),
  KEY `ACT_FK_TASK_PROCINST` (`PROC_INST_ID_`),
  KEY `ACT_FK_TASK_PROCDEF` (`PROC_DEF_ID_`),
  CONSTRAINT `ACT_FK_TASK_PROCDEF` FOREIGN KEY (`PROC_DEF_ID_`) REFERENCES `act_re_procdef` (`ID_`),
  CONSTRAINT `ACT_FK_TASK_EXE` FOREIGN KEY (`EXECUTION_ID_`) REFERENCES `act_ru_execution` (`ID_`),
  CONSTRAINT `ACT_FK_TASK_PROCINST` FOREIGN KEY (`PROC_INST_ID_`) REFERENCES `act_ru_execution` (`ID_`)
) ENGINE=InnoDB DEFAULT CHARSET=utf8 COLLATE=utf8_bin;

-- ----------------------------
-- Records of act_ru_task
-- ----------------------------
INSERT INTO `act_ru_task` VALUES ('10008', '1', '10005', '10001', 'vacationProcess:1:5007', '发起申请', null, null, 'usertask1', null, 'zhangsan', null, '50', '2020-04-24 17:53:02', null, null, '1', '', null, null);

-- ----------------------------
-- Table structure for act_ru_timer_job
-- ----------------------------
DROP TABLE IF EXISTS `act_ru_timer_job`;
CREATE TABLE `act_ru_timer_job` (
  `ID_` varchar(64) COLLATE utf8_bin NOT NULL,
  `REV_` int(11) DEFAULT NULL,
  `TYPE_` varchar(255) COLLATE utf8_bin NOT NULL,
  `LOCK_EXP_TIME_` timestamp NULL DEFAULT NULL,
  `LOCK_OWNER_` varchar(255) COLLATE utf8_bin DEFAULT NULL,
  `EXCLUSIVE_` tinyint(1) DEFAULT NULL,
  `EXECUTION_ID_` varchar(64) COLLATE utf8_bin DEFAULT NULL,
  `PROCESS_INSTANCE_ID_` varchar(64) COLLATE utf8_bin DEFAULT NULL,
  `PROC_DEF_ID_` varchar(64) COLLATE utf8_bin DEFAULT NULL,
  `RETRIES_` int(11) DEFAULT NULL,
  `EXCEPTION_STACK_ID_` varchar(64) COLLATE utf8_bin DEFAULT NULL,
  `EXCEPTION_MSG_` varchar(4000) COLLATE utf8_bin DEFAULT NULL,
  `DUEDATE_` timestamp NULL DEFAULT NULL,
  `REPEAT_` varchar(255) COLLATE utf8_bin DEFAULT NULL,
  `HANDLER_TYPE_` varchar(255) COLLATE utf8_bin DEFAULT NULL,
  `HANDLER_CFG_` varchar(4000) COLLATE utf8_bin DEFAULT NULL,
  `TENANT_ID_` varchar(255) COLLATE utf8_bin DEFAULT '',
  PRIMARY KEY (`ID_`),
  KEY `ACT_FK_TIMER_JOB_EXECUTION` (`EXECUTION_ID_`),
  KEY `ACT_FK_TIMER_JOB_PROCESS_INSTANCE` (`PROCESS_INSTANCE_ID_`),
  KEY `ACT_FK_TIMER_JOB_PROC_DEF` (`PROC_DEF_ID_`),
  KEY `ACT_FK_TIMER_JOB_EXCEPTION` (`EXCEPTION_STACK_ID_`),
  CONSTRAINT `ACT_FK_TIMER_JOB_EXCEPTION` FOREIGN KEY (`EXCEPTION_STACK_ID_`) REFERENCES `act_ge_bytearray` (`ID_`),
  CONSTRAINT `ACT_FK_TIMER_JOB_EXECUTION` FOREIGN KEY (`EXECUTION_ID_`) REFERENCES `act_ru_execution` (`ID_`),
  CONSTRAINT `ACT_FK_TIMER_JOB_PROCESS_INSTANCE` FOREIGN KEY (`PROCESS_INSTANCE_ID_`) REFERENCES `act_ru_execution` (`ID_`),
  CONSTRAINT `ACT_FK_TIMER_JOB_PROC_DEF` FOREIGN KEY (`PROC_DEF_ID_`) REFERENCES `act_re_procdef` (`ID_`)
) ENGINE=InnoDB DEFAULT CHARSET=utf8 COLLATE=utf8_bin;

-- ----------------------------
-- Records of act_ru_timer_job
-- ----------------------------

-- ----------------------------
-- Table structure for act_ru_variable
-- ----------------------------
DROP TABLE IF EXISTS `act_ru_variable`;
CREATE TABLE `act_ru_variable` (
  `ID_` varchar(64) COLLATE utf8_bin NOT NULL,
  `REV_` int(11) DEFAULT NULL,
  `TYPE_` varchar(255) COLLATE utf8_bin NOT NULL,
  `NAME_` varchar(255) COLLATE utf8_bin NOT NULL,
  `EXECUTION_ID_` varchar(64) COLLATE utf8_bin DEFAULT NULL,
  `PROC_INST_ID_` varchar(64) COLLATE utf8_bin DEFAULT NULL,
  `TASK_ID_` varchar(64) COLLATE utf8_bin DEFAULT NULL,
  `BYTEARRAY_ID_` varchar(64) COLLATE utf8_bin DEFAULT NULL,
  `DOUBLE_` double DEFAULT NULL,
  `LONG_` bigint(20) DEFAULT NULL,
  `TEXT_` varchar(4000) COLLATE utf8_bin DEFAULT NULL,
  `TEXT2_` varchar(4000) COLLATE utf8_bin DEFAULT NULL,
  PRIMARY KEY (`ID_`),
  KEY `ACT_IDX_VARIABLE_TASK_ID` (`TASK_ID_`),
  KEY `ACT_FK_VAR_EXE` (`EXECUTION_ID_`),
  KEY `ACT_FK_VAR_PROCINST` (`PROC_INST_ID_`),
  KEY `ACT_FK_VAR_BYTEARRAY` (`BYTEARRAY_ID_`),
  CONSTRAINT `ACT_FK_VAR_BYTEARRAY` FOREIGN KEY (`BYTEARRAY_ID_`) REFERENCES `act_ge_bytearray` (`ID_`),
  CONSTRAINT `ACT_FK_VAR_EXE` FOREIGN KEY (`EXECUTION_ID_`) REFERENCES `act_ru_execution` (`ID_`),
  CONSTRAINT `ACT_FK_VAR_PROCINST` FOREIGN KEY (`PROC_INST_ID_`) REFERENCES `act_ru_execution` (`ID_`)
) ENGINE=InnoDB DEFAULT CHARSET=utf8 COLLATE=utf8_bin;

-- ----------------------------
-- Records of act_ru_variable
-- ----------------------------
INSERT INTO `act_ru_variable` VALUES ('10002', '1', 'string', 'employeeName', '10001', '10001', null, null, null, null, 'zhangsan', null);
INSERT INTO `act_ru_variable` VALUES ('10003', '1', 'string', 'reason', '10001', '10001', null, null, null, null, '审核', null);
INSERT INTO `act_ru_variable` VALUES ('10004', '1', 'string', 'leadName', '10001', '10001', null, null, null, null, 'lisi', null);

-- ----------------------------
-- Table structure for alltype
-- ----------------------------
DROP TABLE IF EXISTS `alltype`;
CREATE TABLE `alltype` (
  `id` int(11) NOT NULL AUTO_INCREMENT,
  `pid` int(11) DEFAULT NULL,
  `typeclass` varchar(50) DEFAULT NULL,
  `typename` varchar(100) DEFAULT NULL,
  `content` text,
  PRIMARY KEY (`id`)
) ENGINE=InnoDB AUTO_INCREMENT=132 DEFAULT CHARSET=utf8;

-- ----------------------------
-- Records of alltype
-- ----------------------------
INSERT INTO `alltype` VALUES ('11', '0', null, '顶部栏', '<p><img src=\"http://192.168.2.119:8080//image/模型描述/1578652052754.png\" alt=\"\" width=\"1000\" height=\"54\" /></p>');
INSERT INTO `alltype` VALUES ('12', '11', null, '左侧', '<p><img src=\"http://192.168.2.119:8080//image/模型描述/1578652071907.png\" alt=\"\" width=\"800\" height=\"115\" /></p>');
INSERT INTO `alltype` VALUES ('13', '11', null, '右侧', '<p><img src=\"http://192.168.2.119:8080//image/模型描述/1578652453447.png\" alt=\"\" width=\"1000\" height=\"173\" /></p>');
INSERT INTO `alltype` VALUES ('14', '12', null, '时间', '<p><video controls=\"controls\" width=\"300\" height=\"150\">\n<source src=\"http://192.168.2.107:6066//image/模型描述/1587547623129.mp4\" type=\"video/mp4\" /></video></p>');
INSERT INTO `alltype` VALUES ('15', '12', null, '项目名称', '<p>&nbsp; &nbsp; &nbsp; &nbsp; &nbsp; &nbsp; &nbsp; &nbsp; &nbsp; &nbsp; &nbsp; &nbsp; &nbsp; &nbsp; &nbsp; &nbsp; &nbsp; &nbsp; &nbsp; &nbsp; &nbsp; &nbsp; &nbsp; &nbsp; &nbsp; &nbsp; &nbsp; &nbsp; &nbsp; &nbsp; &nbsp; &nbsp;<img src=\"http://192.168.2.107:6066//image/模型描述/1587466506245.png\" alt=\"\" width=\"200\" height=\"202\" /></p>');
INSERT INTO `alltype` VALUES ('16', '12', null, '展开收起', '<p>654654654</p>');
INSERT INTO `alltype` VALUES ('17', '13', null, '人行模式', '<p><img src=\"http://192.168.2.119:8080//image/模型描述/1578652532373.png\" alt=\"\" width=\"80\" height=\"77\" /><span style=\"font-family: 宋体; font-size: 11pt;\">可在场景中自由行走，受重力及碰撞影响</span></p>');
INSERT INTO `alltype` VALUES ('18', '13', null, '驾驶模式', '<p><img src=\"http://192.168.2.119:8080//image/模型描述/1578652552507.png\" alt=\"\" width=\"80\" height=\"85\" /> <span style=\"font-family: 宋体; font-size: 11pt;\">可在场景中自由驾驶，受重力及碰撞影响</span></p>');
INSERT INTO `alltype` VALUES ('19', '13', null, '飞行模式', '<p><img src=\"http://192.168.2.119:8080//image/模型描述/1578652610789.png\" alt=\"\" width=\"80\" height=\"78\" /> <span style=\"font-family: 宋体; font-size: 11pt;\">可在场景中自由飞行，不受重力及碰撞影响</span></p>');
INSERT INTO `alltype` VALUES ('20', '13', null, '网格显示', '<p><img src=\"http://192.168.2.119:8080//image/模型描述/1578652626969.png\" alt=\"\" width=\"80\" height=\"87\" /><span style=\"font-family: 宋体; font-size: 11pt;\">场景模型显示为线框状态</span></p>');
INSERT INTO `alltype` VALUES ('21', '13', null, '声音', '<p><img src=\"http://192.168.2.119:8080//image/模型描述/1578652649248.png\" alt=\"\" width=\"80\" height=\"80\" /><span style=\"font-family: 宋体; font-size: 11pt;\">控制场景中的音效</span></p>');
INSERT INTO `alltype` VALUES ('22', '13', null, '天气', '<p><img src=\"http://192.168.2.119:8080//image/模型描述/1578652663747.png\" alt=\"\" width=\"80\" height=\"84\" /><span style=\"font-family: 宋体; font-size: 11pt;\">调整场景的灯光效果</span></p>');
INSERT INTO `alltype` VALUES ('23', '13', null, '帮助', '<p><img src=\"http://192.168.2.119:8080//image/模型描述/1578652727662.png\" alt=\"\" width=\"80\" height=\"80\" /><span style=\"font-family: 宋体; font-size: 11pt;\">打开帮助文档</span></p>');
INSERT INTO `alltype` VALUES ('24', '13', null, '全屏', '<p><img src=\"http://192.168.2.119:8080//image/模型描述/1578652744247.png\" alt=\"\" width=\"80\" height=\"77\" /><span style=\"font-family: 宋体; font-size: 11pt;\">切换屏幕大小</span></p>');
INSERT INTO `alltype` VALUES ('25', '13', null, '关闭', '<p><img src=\"http://192.168.2.119:8080//image/模型描述/1578652767923.png\" alt=\"\" width=\"80\" height=\"83\" /><span style=\"font-family: 宋体; font-size: 11pt;\">退出系统</span></p>');
INSERT INTO `alltype` VALUES ('26', '0', null, '菜单栏', '<p><img src=\"http://192.168.2.119:8080//image/模型描述/1578886776210.jpg\" alt=\"\" width=\"555\" height=\"27\" /></p>');
INSERT INTO `alltype` VALUES ('27', '26', null, '文件', '<p><img src=\"http://192.168.2.119:8080//image/模型描述/1578886714646.jpg\" alt=\"\" width=\"117\" height=\"236\" /></p>');
INSERT INTO `alltype` VALUES ('28', '26', null, '资源库', '<p><img src=\"http://192.168.2.119:8080//image/模型描述/1578887087904.jpg\" alt=\"\" width=\"332\" height=\"465\" /></p>');
INSERT INTO `alltype` VALUES ('29', '26', null, '进度管理', '<p><img src=\"http://192.168.2.119:8080//image/模型描述/1578887294683.jpg\" alt=\"\" width=\"555\" height=\"76\" /></p>\n<p class=\"MsoNormal\"><span style=\"mso-spacerun: \'yes\'; font-family: 宋体; mso-ascii-font-family: Calibri; mso-hansi-font-family: Calibri; mso-bidi-font-family: \'Times New Roman\'; font-size: 11.0000pt;\"><span style=\"font-family: 宋体;\">支持</span>project<span style=\"font-family: 宋体;\">、</span><span style=\"font-family: Calibri;\">excel</span><span style=\"font-family: 宋体;\">等进度计划文件导入，可与模型进行关联</span></span></p>');
INSERT INTO `alltype` VALUES ('30', '27', null, '新建', '<p><img src=\"http://192.168.2.119:8080//image/模型描述/1578886818813.jpg\" alt=\"\" width=\"113\" height=\"35\" /><span style=\"font-family: 宋体; font-size: 11pt;\">新建一个空白场景</span></p>\n<p class=\"MsoNormal\">&nbsp;</p>');
INSERT INTO `alltype` VALUES ('31', '27', null, '导入', '<p><img src=\"http://192.168.2.119:8080//image/模型描述/1578886857432.jpg\" alt=\"\" width=\"110\" height=\"31\" /><span style=\"font-family: 宋体; font-size: 11pt;\">导入外部地形模型</span> <span style=\"font-family: 宋体; font-size: 11pt;\">地形数据</span><span style=\"font-family: 宋体; font-size: 11pt;\"> BIM</span><span style=\"font-family: 宋体; font-size: 11pt;\">模型</span></p>\n<p class=\"MsoNormal\">&nbsp;</p>');
INSERT INTO `alltype` VALUES ('32', '27', null, '保存', '<p><img src=\"http://192.168.2.119:8080//image/模型描述/1578886891117.jpg\" alt=\"\" width=\"111\" height=\"37\" /><span style=\"font-family: 宋体; font-size: 11pt;\">保存当前已经编辑好的场景</span></p>');
INSERT INTO `alltype` VALUES ('33', '27', null, '另存', '<p><img src=\"http://192.168.2.119:8080//image/模型描述/1578886921672.jpg\" alt=\"\" width=\"109\" height=\"34\" /><span style=\"font-family: 宋体; font-size: 11pt;\">不覆盖之前保存的文件，新存一份场景</span></p>');
INSERT INTO `alltype` VALUES ('34', '27', null, '最近打开', '<p><img src=\"http://192.168.2.119:8080//image/模型描述/1578886952766.jpg\" alt=\"\" width=\"106\" height=\"31\" /><span style=\"font-family: 宋体; font-size: 11pt;\">当已经累计打开过几个场景时，可通过这个按钮选择最近打开的某一个场景，使用时间久了之后这个按钮会比较人性化、有利于快速操作。</span></p>\n<p class=\"MsoNormal\">&nbsp;</p>');
INSERT INTO `alltype` VALUES ('35', '27', null, '载入', '<p><img src=\"http://192.168.2.119:8080//image/模型描述/1578886981863.jpg\" alt=\"\" width=\"111\" height=\"33\" /><span style=\"font-family: 宋体; font-size: 11pt;\">载入之前保存的场景</span></p>');
INSERT INTO `alltype` VALUES ('36', '27', null, '设置', '<p><img src=\"http://192.168.2.119:8080//image/模型描述/1578887023935.jpg\" alt=\"\" width=\"112\" height=\"33\" /><span style=\"font-family: 宋体; font-size: 11pt;\">设置场景的单位</span> <span style=\"font-family: 宋体; font-size: 11pt;\">坐标原点等</span></p>\n<p class=\"MsoNormal\">&nbsp;</p>');
INSERT INTO `alltype` VALUES ('37', '27', null, '退出', '<p><img src=\"http://192.168.2.119:8080//image/模型描述/1578887060823.jpg\" alt=\"\" width=\"121\" height=\"38\" /><span style=\"font-family: 宋体; font-size: 11pt;\">退出系统</span></p>');
INSERT INTO `alltype` VALUES ('38', '26', null, '资源库', null);
INSERT INTO `alltype` VALUES ('39', '28', null, '临建构件模型库', '<p><img src=\"http://192.168.2.119:8080//image/模型描述/1578887111522.jpg\" alt=\"\" width=\"118\" height=\"39\" /><span style=\"font-family: 宋体; font-size: 11pt;\">包含办公区与生活区、钢筋加工厂、拌合厂、预制厂、钢栈桥及便道六大类，按照三级分类树状结构显示，点选构件后，拖曳即可进行临建布置</span></p>\n<p class=\"MsoNormal\">&nbsp;</p>');
INSERT INTO `alltype` VALUES ('40', '28', null, '特种设备模型库', '<p><img src=\"http://192.168.2.119:8080//image/模型描述/1578887149553.jpg\" alt=\"\" width=\"139\" height=\"40\" /><span style=\"font-family: 宋体; font-size: 11pt;\">包括桥式起重机、门式起重机、塔式起重机、流动式起重机、门座式起重机、升降机、缆索式起重机、桅杆式起重机等特种设备，拖曳即可进行设备布置</span></p>');
INSERT INTO `alltype` VALUES ('41', '28', null, '场景资源库', '<p><img src=\"http://192.168.2.119:8080//image/模型描述/1578887179578.jpg\" alt=\"\" width=\"146\" height=\"44\" /><span style=\"font-family: 宋体; font-size: 11pt;\">包括植物、构筑物、建筑物（涉及桥梁、房建、水运等专业）、人物、交通工具等素材，点选素材后，拖曳即可进行场地环境布置</span></p>\n<p class=\"MsoNormal\">&nbsp;</p>');
INSERT INTO `alltype` VALUES ('42', '28', null, '资源库管理', '<p><img src=\"http://192.168.2.119:8080//image/模型描述/1578887201680.jpg\" alt=\"\" width=\"131\" height=\"38\" /><span style=\"font-family: 宋体; font-size: 11pt;\">对资源库数据进行更新、删除</span></p>\n<p class=\"MsoNormal\">&nbsp;</p>');
INSERT INTO `alltype` VALUES ('43', '28', null, '模型管理', '<p><img src=\"http://192.168.2.119:8080//image/模型描述/1578887224906.jpg\" alt=\"\" width=\"136\" height=\"37\" /><span style=\"font-family: 宋体; font-size: 11pt;\">对模型数据进行导出、删除</span></p>');
INSERT INTO `alltype` VALUES ('44', '29', null, '图标注解', null);
INSERT INTO `alltype` VALUES ('45', '44', null, '顶部工具栏', null);
INSERT INTO `alltype` VALUES ('46', '44', null, '底部播放工具栏', null);
INSERT INTO `alltype` VALUES ('47', '29', null, '操作讲解', null);
INSERT INTO `alltype` VALUES ('48', '47', null, '用自动关键帧模式制作一段动画', null);
INSERT INTO `alltype` VALUES ('49', '47', null, '设置AB区段', null);
INSERT INTO `alltype` VALUES ('50', '38', null, '工程量统计', null);
INSERT INTO `alltype` VALUES ('51', '38', null, '表单管理', null);
INSERT INTO `alltype` VALUES ('52', '26', null, '安全管理', null);
INSERT INTO `alltype` VALUES ('53', '26', null, '模拟', null);
INSERT INTO `alltype` VALUES ('54', '26', null, '出图', null);
INSERT INTO `alltype` VALUES ('55', '26', null, '窗口', null);
INSERT INTO `alltype` VALUES ('56', '26', null, 'BIM 8 D', null);
INSERT INTO `alltype` VALUES ('57', '26', null, '编辑工具', null);
INSERT INTO `alltype` VALUES ('58', '57', null, '返回', null);
INSERT INTO `alltype` VALUES ('59', '57', null, '撤销', null);
INSERT INTO `alltype` VALUES ('60', '57', null, '参数设置', null);
INSERT INTO `alltype` VALUES ('61', '57', null, '移动', null);
INSERT INTO `alltype` VALUES ('62', '57', null, '旋转', null);
INSERT INTO `alltype` VALUES ('63', '57', null, '缩放', null);
INSERT INTO `alltype` VALUES ('64', '57', null, '对齐', null);
INSERT INTO `alltype` VALUES ('65', '57', null, '标注', null);
INSERT INTO `alltype` VALUES ('66', '57', null, '切片', null);
INSERT INTO `alltype` VALUES ('67', '57', null, '图层', null);
INSERT INTO `alltype` VALUES ('68', '57', null, '列表', null);
INSERT INTO `alltype` VALUES ('69', '56', null, '环境', null);
INSERT INTO `alltype` VALUES ('70', '56', null, '画刷', null);
INSERT INTO `alltype` VALUES ('71', '56', null, '材质', null);
INSERT INTO `alltype` VALUES ('72', '56', null, '灯光', null);
INSERT INTO `alltype` VALUES ('73', '56', null, '角色切换', null);
INSERT INTO `alltype` VALUES ('74', '56', null, '工艺视频', null);
INSERT INTO `alltype` VALUES ('75', '56', null, '碰撞检测', null);
INSERT INTO `alltype` VALUES ('76', '56', null, '画质设置', null);
INSERT INTO `alltype` VALUES ('77', '56', null, '联机', null);
INSERT INTO `alltype` VALUES ('78', '56', null, '切换模块', null);
INSERT INTO `alltype` VALUES ('79', '53', null, '安拆模拟', null);
INSERT INTO `alltype` VALUES ('80', '53', null, '施工模拟', null);
INSERT INTO `alltype` VALUES ('81', '52', null, '安全距离设置', null);
INSERT INTO `alltype` VALUES ('82', '52', null, '安全预警', null);
INSERT INTO `alltype` VALUES ('83', '0', null, '常用快捷工具栏', null);
INSERT INTO `alltype` VALUES ('84', '52', null, '风险源可视化', null);
INSERT INTO `alltype` VALUES ('87', '83', null, '保存', null);
INSERT INTO `alltype` VALUES ('88', '0', null, '通用快捷工具栏', null);
INSERT INTO `alltype` VALUES ('89', '0', null, '参数化模型编辑系统', null);
INSERT INTO `alltype` VALUES ('90', '0', null, '特种设备操控模型', null);
INSERT INTO `alltype` VALUES ('91', '0', null, '底部状态栏', null);
INSERT INTO `alltype` VALUES ('92', '91', null, '常用工具栏', null);
INSERT INTO `alltype` VALUES ('93', '91', null, '对话框', null);
INSERT INTO `alltype` VALUES ('94', '91', null, '显示当前选择物体名称', null);
INSERT INTO `alltype` VALUES ('95', '91', null, '独立显示模型', null);
INSERT INTO `alltype` VALUES ('96', '91', null, '坐标轴心切换', null);
INSERT INTO `alltype` VALUES ('97', '91', null, '模型坐标归中', null);
INSERT INTO `alltype` VALUES ('98', '91', null, '回到原点', null);
INSERT INTO `alltype` VALUES ('99', '91', null, '显示隐藏', null);
INSERT INTO `alltype` VALUES ('100', '91', null, '绘制二维线', null);
INSERT INTO `alltype` VALUES ('101', '91', null, '放大', null);
INSERT INTO `alltype` VALUES ('102', '91', null, '位置', null);
INSERT INTO `alltype` VALUES ('103', '91', null, '角度', null);
INSERT INTO `alltype` VALUES ('104', '91', null, '距离', null);
INSERT INTO `alltype` VALUES ('105', '90', null, '公路架桥机', null);
INSERT INTO `alltype` VALUES ('106', '90', null, '汽车起重机', null);
INSERT INTO `alltype` VALUES ('107', '90', null, '履带起重机', null);
INSERT INTO `alltype` VALUES ('108', '90', null, '轮胎起重机', null);
INSERT INTO `alltype` VALUES ('109', '90', null, '门式起重机', null);
INSERT INTO `alltype` VALUES ('110', '90', null, '塔式起重机', null);
INSERT INTO `alltype` VALUES ('111', '89', null, '二区', null);
INSERT INTO `alltype` VALUES ('112', '89', null, '三厂', null);
INSERT INTO `alltype` VALUES ('113', '89', null, '关键临时设施', null);
INSERT INTO `alltype` VALUES ('114', '113', null, '钢栈桥', null);
INSERT INTO `alltype` VALUES ('115', '113', null, '便道', null);
INSERT INTO `alltype` VALUES ('116', '112', null, '钢筋加工厂', null);
INSERT INTO `alltype` VALUES ('117', '112', null, '预制厂', null);
INSERT INTO `alltype` VALUES ('118', '112', null, '拌合厂', null);
INSERT INTO `alltype` VALUES ('119', '111', null, '办公与生活区主要设施', null);
INSERT INTO `alltype` VALUES ('120', '111', null, '临时用水用电及消防设施', null);
INSERT INTO `alltype` VALUES ('121', '88', null, '返回', null);
INSERT INTO `alltype` VALUES ('122', '88', null, '撤销', null);
INSERT INTO `alltype` VALUES ('123', '88', null, '参数设置', null);
INSERT INTO `alltype` VALUES ('124', '88', null, '移动', null);
INSERT INTO `alltype` VALUES ('125', '88', null, '旋转', null);
INSERT INTO `alltype` VALUES ('126', '88', null, '缩放', null);
INSERT INTO `alltype` VALUES ('127', '88', null, '对齐', null);
INSERT INTO `alltype` VALUES ('128', '88', null, '标注', null);
INSERT INTO `alltype` VALUES ('129', '88', null, '切片', null);
INSERT INTO `alltype` VALUES ('130', '88', null, '图层', null);
INSERT INTO `alltype` VALUES ('131', '88', null, '列表', null);

-- ----------------------------
-- Table structure for approvetable
-- ----------------------------
DROP TABLE IF EXISTS `approvetable`;
CREATE TABLE `approvetable` (
  `approvenum` bigint(20) NOT NULL,
  `approver` varchar(50) DEFAULT NULL,
  `approvetime` datetime DEFAULT NULL,
  `status` int(11) DEFAULT NULL,
  `proposer` varchar(50) DEFAULT NULL,
  `remark` varchar(255) DEFAULT NULL,
  `flownum` bigint(20) DEFAULT NULL,
  PRIMARY KEY (`approvenum`)
) ENGINE=InnoDB DEFAULT CHARSET=utf8;

-- ----------------------------
-- Records of approvetable
-- ----------------------------

-- ----------------------------
-- Table structure for excelcontent
-- ----------------------------
DROP TABLE IF EXISTS `excelcontent`;
CREATE TABLE `excelcontent` (
  `id` int(11) NOT NULL AUTO_INCREMENT,
  `eid` varchar(50) DEFAULT NULL,
  `str1` varchar(50) DEFAULT NULL,
  `str2` varchar(50) DEFAULT NULL,
  `str3` varchar(50) DEFAULT NULL,
  `str4` varchar(50) DEFAULT NULL,
  `str5` varchar(50) DEFAULT NULL,
  `str6` text,
  PRIMARY KEY (`id`)
) ENGINE=InnoDB AUTO_INCREMENT=571 DEFAULT CHARSET=utf8;

-- ----------------------------
-- Records of excelcontent
-- ----------------------------
INSERT INTO `excelcontent` VALUES ('535', 'e35f5819dc0f4c8ea2016c159274b4e4', '类别', '构件编码', '专业代码', '产品代码', '名称', '材料  材料');
INSERT INTO `excelcontent` VALUES ('536', 'e35f5819dc0f4c8ea2016c159274b4e4', '化粪池', '01010400', '01010400', '', '', '混凝土  砖');
INSERT INTO `excelcontent` VALUES ('537', 'e35f5819dc0f4c8ea2016c159274b4e4', '', '01010400-002', '01010400', '002', '化粪池1', '1.22  5.50');
INSERT INTO `excelcontent` VALUES ('538', 'e35f5819dc0f4c8ea2016c159274b4e4', '', '01010400-001', '01010400', '001', '化粪池0', '1.22  5.50');
INSERT INTO `excelcontent` VALUES ('539', 'e35f5819dc0f4c8ea2016c159274b4e4', '', '01010400-003', '01010400', '003', '化粪池2', '1.22  5.50');
INSERT INTO `excelcontent` VALUES ('540', 'e35f5819dc0f4c8ea2016c159274b4e4', '', '01010400-004', '01010400', '004', '化粪池3', '1.22  5.50');
INSERT INTO `excelcontent` VALUES ('541', 'e35f5819dc0f4c8ea2016c159274b4e4', '', '01010400-005', '01010400', '005', '化粪池4', '1.22  5.50');
INSERT INTO `excelcontent` VALUES ('542', 'e35f5819dc0f4c8ea2016c159274b4e4', '', '01010400-006', '01010400', '006', '化粪池5', '1.22  5.50');
INSERT INTO `excelcontent` VALUES ('543', 'e35f5819dc0f4c8ea2016c159274b4e4', '', '01010400-007', '01010400', '007', '化粪池6', '1.22  5.50');
INSERT INTO `excelcontent` VALUES ('544', 'e35f5819dc0f4c8ea2016c159274b4e4', '', '', '', '', '总计', '8.54  38.50');
INSERT INTO `excelcontent` VALUES ('545', 'e35f5819dc0f4c8ea2016c159274b4e4', '洗漱池', '01010800', '01010800', '', '', '混凝土/m³  砖砌/m³');
INSERT INTO `excelcontent` VALUES ('546', 'e35f5819dc0f4c8ea2016c159274b4e4', '', '01010800-001', '01010800', '001', '洗漱池0', '0.08  2.41');
INSERT INTO `excelcontent` VALUES ('547', 'e35f5819dc0f4c8ea2016c159274b4e4', '', '01010800-002', '01010800', '002', '洗漱池1', '0.08  2.41');
INSERT INTO `excelcontent` VALUES ('548', 'e35f5819dc0f4c8ea2016c159274b4e4', '', '01010800-003', '01010800', '003', '洗漱池2', '0.08  2.41');
INSERT INTO `excelcontent` VALUES ('549', 'e35f5819dc0f4c8ea2016c159274b4e4', '', '01010800-004', '01010800', '004', '洗漱池3', '0.08  2.41');
INSERT INTO `excelcontent` VALUES ('550', 'e35f5819dc0f4c8ea2016c159274b4e4', '', '01010800-005', '01010800', '005', '洗漱池4', '0.08  2.41');
INSERT INTO `excelcontent` VALUES ('551', 'e35f5819dc0f4c8ea2016c159274b4e4', '', '01010800-006', '01010800', '006', '洗漱池5', '0.08  2.41');
INSERT INTO `excelcontent` VALUES ('552', 'e35f5819dc0f4c8ea2016c159274b4e4', '', '01010800-007', '01010800', '007', '洗漱池6', '0.08  2.41');
INSERT INTO `excelcontent` VALUES ('553', 'e35f5819dc0f4c8ea2016c159274b4e4', '', '01010800-008', '01010800', '008', '洗漱池7', '0.08  2.41');
INSERT INTO `excelcontent` VALUES ('554', 'e35f5819dc0f4c8ea2016c159274b4e4', '', '01010800-009', '01010800', '009', '洗漱池8', '0.08  2.41');
INSERT INTO `excelcontent` VALUES ('555', 'e35f5819dc0f4c8ea2016c159274b4e4', '', '01010800-010', '01010800', '010', '洗漱池9', '0.08  2.41');
INSERT INTO `excelcontent` VALUES ('556', 'e35f5819dc0f4c8ea2016c159274b4e4', '', '', '', '', '总计', '0.80  24.10');
INSERT INTO `excelcontent` VALUES ('557', 'e35f5819dc0f4c8ea2016c159274b4e4', '板房_办公楼', '01010101', '01010101', '', '', '建筑面积/m²');
INSERT INTO `excelcontent` VALUES ('558', 'e35f5819dc0f4c8ea2016c159274b4e4', '', '01010101-001', '01010101', '001', '板房_办公楼0', '188.92');
INSERT INTO `excelcontent` VALUES ('559', 'e35f5819dc0f4c8ea2016c159274b4e4', '', '01010101-002', '01010101', '002', '板房_办公楼1', '188.92');
INSERT INTO `excelcontent` VALUES ('560', 'e35f5819dc0f4c8ea2016c159274b4e4', '', '01010101-003', '01010101', '003', '板房_办公楼2', '188.92');
INSERT INTO `excelcontent` VALUES ('561', 'e35f5819dc0f4c8ea2016c159274b4e4', '', '01010101-004', '01010101', '004', '板房_办公楼3', '188.92');
INSERT INTO `excelcontent` VALUES ('562', 'e35f5819dc0f4c8ea2016c159274b4e4', '', '01010101-005', '01010101', '005', '板房_办公楼4', '188.92');
INSERT INTO `excelcontent` VALUES ('563', 'e35f5819dc0f4c8ea2016c159274b4e4', '', '01010101-006', '01010101', '006', '板房_办公楼5', '188.92');
INSERT INTO `excelcontent` VALUES ('564', 'e35f5819dc0f4c8ea2016c159274b4e4', '', '01010101-007', '01010101', '007', '板房_办公楼6', '188.92');
INSERT INTO `excelcontent` VALUES ('565', 'e35f5819dc0f4c8ea2016c159274b4e4', '', '', '', '', '总计', '1322.44');
INSERT INTO `excelcontent` VALUES ('566', 'e35f5819dc0f4c8ea2016c159274b4e4', '建筑面积/m²', '1322.44', null, null, null, null);
INSERT INTO `excelcontent` VALUES ('567', 'e35f5819dc0f4c8ea2016c159274b4e4', '混凝土/m³', '0.80', null, null, null, null);
INSERT INTO `excelcontent` VALUES ('568', 'e35f5819dc0f4c8ea2016c159274b4e4', '砖砌/m³', '24.10', null, null, null, null);
INSERT INTO `excelcontent` VALUES ('569', 'e35f5819dc0f4c8ea2016c159274b4e4', '混凝土', '8.54', null, null, null, null);
INSERT INTO `excelcontent` VALUES ('570', 'e35f5819dc0f4c8ea2016c159274b4e4', '砖', '38.50', null, null, null, null);

-- ----------------------------
-- Table structure for excelmanage
-- ----------------------------
DROP TABLE IF EXISTS `excelmanage`;
CREATE TABLE `excelmanage` (
  `eid` varchar(50) NOT NULL,
  `excelname` varchar(50) DEFAULT NULL,
  `uid` varchar(50) DEFAULT NULL,
  `creattime` varchar(50) DEFAULT NULL,
  `realpath` varchar(255) DEFAULT NULL,
  PRIMARY KEY (`eid`)
) ENGINE=InnoDB DEFAULT CHARSET=utf8;

-- ----------------------------
-- Records of excelmanage
-- ----------------------------
INSERT INTO `excelmanage` VALUES ('e35f5819dc0f4c8ea2016c159274b4e4', 'example(1).xlsx', '3eaa7216aece4c2685e62101e01f8b28', '2020-04-23 18:27:49', 'D:\\kaifa\\sts-workspace\\java-basic-springboot\\upload\\excel\\example(1).xlsx');

-- ----------------------------
-- Table structure for fileinfo
-- ----------------------------
DROP TABLE IF EXISTS `fileinfo`;
CREATE TABLE `fileinfo` (
  `id` varchar(100) NOT NULL,
  `catalog` varchar(100) DEFAULT NULL,
  `fileurl` varchar(255) DEFAULT NULL,
  `uploadtime` varchar(50) DEFAULT NULL,
  `role` int(11) DEFAULT NULL,
  PRIMARY KEY (`id`)
) ENGINE=InnoDB DEFAULT CHARSET=utf8;

-- ----------------------------
-- Records of fileinfo
-- ----------------------------
INSERT INTO `fileinfo` VALUES ('/image/模型描述/1579328337378.png', '模型描述', 'D:\\kaifa\\sts-workspace\\java-basic-springboot\\upload\\模型描述\\1579328337378.png', '2020-01-18', '0');
INSERT INTO `fileinfo` VALUES ('/image/模型描述/1579338612752.png', '模型描述', 'D:\\kaifa\\sts-workspace\\java-basic-springboot\\upload\\模型描述\\1579338612752.png', '2020-01-18', '0');
INSERT INTO `fileinfo` VALUES ('/image/模型描述/1587105161333.png', '模型描述', 'D:\\kaifa\\sts-workspace\\java-basic-springboot\\upload\\模型描述\\1587105161333.png', '2020-04-17', '0');
INSERT INTO `fileinfo` VALUES ('/image/模型描述/1587466348101.png', '模型描述', 'D:\\kaifa\\sts-workspace\\java-basic-springboot\\upload\\模型描述\\1587466348101.png', '2020-04-21', '0');
INSERT INTO `fileinfo` VALUES ('/image/模型描述/1587466506245.png', '模型描述', 'D:\\kaifa\\sts-workspace\\java-basic-springboot\\upload\\模型描述\\1587466506245.png', '2020-04-21', '0');
INSERT INTO `fileinfo` VALUES ('/image/模型描述/1587546775300.jpg', '模型描述', 'D:\\kaifa\\sts-workspace\\java-basic-springboot\\upload\\模型描述\\1587546775300.jpg', '2020-04-22', '0');
INSERT INTO `fileinfo` VALUES ('/image/模型描述/1587547018068.jpg', '模型描述', 'D:\\kaifa\\sts-workspace\\java-basic-springboot\\upload\\模型描述\\1587547018068.jpg', '2020-04-22', '0');
INSERT INTO `fileinfo` VALUES ('/image/模型描述/1587547265927.mp4', '模型描述', 'D:\\kaifa\\sts-workspace\\java-basic-springboot\\upload\\模型描述\\1587547265927.mp4', '2020-04-22', '0');
INSERT INTO `fileinfo` VALUES ('/image/模型描述/1587547491590.mp4', '模型描述', 'D:\\kaifa\\sts-workspace\\java-basic-springboot\\upload\\模型描述\\1587547491590.mp4', '2020-04-22', '0');
INSERT INTO `fileinfo` VALUES ('/image/模型描述/1587547536942.mp4', '模型描述', 'D:\\kaifa\\sts-workspace\\java-basic-springboot\\upload\\模型描述\\1587547536942.mp4', '2020-04-22', '0');
INSERT INTO `fileinfo` VALUES ('/image/模型描述/1587547623129.mp4', '模型描述', 'D:\\kaifa\\sts-workspace\\java-basic-springboot\\upload\\模型描述\\1587547623129.mp4', '2020-04-22', '0');
INSERT INTO `fileinfo` VALUES ('/image/模型描述/1587638757292.png', '模型描述', 'D:\\kaifa\\sts-workspace\\java-basic-springboot\\upload\\模型描述\\1587638757292.png', '2020-04-23', '0');
INSERT INTO `fileinfo` VALUES ('/image/模型描述/1587717241603.jpg', '模型描述', 'D:\\kaifa\\sts-workspace\\java-basic-springboot\\target\\upload\\模型描述\\1587717241603.jpg', '2020-04-24', '0');
INSERT INTO `fileinfo` VALUES ('/image/模型描述/1587717355381.png', '模型描述', 'D:\\kaifa\\sts-workspace\\java-basic-springboot\\target\\upload\\模型描述\\1587717355381.png', '2020-04-24', '0');
INSERT INTO `fileinfo` VALUES ('1579328318535.png', '模型封面', 'D:\\kaifa\\sts-workspace\\java-basic-springboot\\upload\\web\\模型封面\\1579328318535.png', '2020-01-18', '0');
INSERT INTO `fileinfo` VALUES ('1579328326029.gltf', '模型源文件', 'D:\\kaifa\\sts-workspace\\java-basic-springboot\\upload\\web\\模型源文件\\1579328326029.gltf', '2020-01-18', '0');
INSERT INTO `fileinfo` VALUES ('1579338263464.png', '模型封面', 'D:\\kaifa\\sts-workspace\\java-basic-springboot\\upload\\web\\模型封面\\1579338263464.png', '2020-01-18', '0');
INSERT INTO `fileinfo` VALUES ('1579338269785.gltf', '模型源文件', 'D:\\kaifa\\sts-workspace\\java-basic-springboot\\upload\\web\\模型源文件\\1579338269785.gltf', '2020-01-18', '0');
INSERT INTO `fileinfo` VALUES ('1579338304689.png', '模型封面', 'D:\\kaifa\\sts-workspace\\java-basic-springboot\\upload\\web\\模型封面\\1579338304689.png', '2020-01-18', '0');
INSERT INTO `fileinfo` VALUES ('1579338309679.gltf', '模型源文件', 'D:\\kaifa\\sts-workspace\\java-basic-springboot\\upload\\web\\模型源文件\\1579338309679.gltf', '2020-01-18', '0');
INSERT INTO `fileinfo` VALUES ('1579338449744.png', '模型封面', 'D:\\kaifa\\sts-workspace\\java-basic-springboot\\upload\\web\\模型封面\\1579338449744.png', '2020-01-18', '0');
INSERT INTO `fileinfo` VALUES ('1579338476189.gltf', '模型源文件', 'D:\\kaifa\\sts-workspace\\java-basic-springboot\\upload\\web\\模型源文件\\1579338476189.gltf', '2020-01-18', '0');
INSERT INTO `fileinfo` VALUES ('1579338509483.png', '模型封面', 'D:\\kaifa\\sts-workspace\\java-basic-springboot\\upload\\web\\模型封面\\1579338509483.png', '2020-01-18', '0');
INSERT INTO `fileinfo` VALUES ('1579338540795.png', '模型封面', 'D:\\kaifa\\sts-workspace\\java-basic-springboot\\upload\\web\\模型封面\\1579338540795.png', '2020-01-18', '0');
INSERT INTO `fileinfo` VALUES ('1579338546838.gltf', '模型源文件', 'D:\\kaifa\\sts-workspace\\java-basic-springboot\\upload\\web\\模型源文件\\1579338546838.gltf', '2020-01-18', '0');
INSERT INTO `fileinfo` VALUES ('1579338556554.png', '模型封面', 'D:\\kaifa\\sts-workspace\\java-basic-springboot\\upload\\web\\模型封面\\1579338556554.png', '2020-01-18', '0');
INSERT INTO `fileinfo` VALUES ('1579338558970.png', '模型封面', 'D:\\kaifa\\sts-workspace\\java-basic-springboot\\upload\\web\\模型封面\\1579338558970.png', '2020-01-18', '0');
INSERT INTO `fileinfo` VALUES ('1579338565699.png', '模型封面', 'D:\\kaifa\\sts-workspace\\java-basic-springboot\\upload\\web\\模型封面\\1579338565699.png', '2020-01-18', '0');
INSERT INTO `fileinfo` VALUES ('1579338597689.png', '模型封面', 'D:\\kaifa\\sts-workspace\\java-basic-springboot\\upload\\web\\模型封面\\1579338597689.png', '2020-01-18', '0');
INSERT INTO `fileinfo` VALUES ('1579338603038.gltf', '模型源文件', 'D:\\kaifa\\sts-workspace\\java-basic-springboot\\upload\\web\\模型源文件\\1579338603038.gltf', '2020-01-18', '0');
INSERT INTO `fileinfo` VALUES ('1579338682949.png', '模型封面', 'D:\\kaifa\\sts-workspace\\java-basic-springboot\\upload\\web\\模型封面\\1579338682949.png', '2020-01-18', '0');
INSERT INTO `fileinfo` VALUES ('1579338690476.gltf', '模型源文件', 'D:\\kaifa\\sts-workspace\\java-basic-springboot\\upload\\web\\模型源文件\\1579338690476.gltf', '2020-01-18', '0');
INSERT INTO `fileinfo` VALUES ('1579338692706.png', '模型封面', 'D:\\kaifa\\sts-workspace\\java-basic-springboot\\upload\\web\\模型封面\\1579338692706.png', '2020-01-18', '0');
INSERT INTO `fileinfo` VALUES ('1579338694963.png', '模型封面', 'D:\\kaifa\\sts-workspace\\java-basic-springboot\\upload\\web\\模型封面\\1579338694963.png', '2020-01-18', '0');
INSERT INTO `fileinfo` VALUES ('1579338709779.png', '模型封面', 'D:\\kaifa\\sts-workspace\\java-basic-springboot\\upload\\web\\模型封面\\1579338709779.png', '2020-01-18', '0');
INSERT INTO `fileinfo` VALUES ('1579338712960.png', '模型封面', 'D:\\kaifa\\sts-workspace\\java-basic-springboot\\upload\\web\\模型封面\\1579338712960.png', '2020-01-18', '0');
INSERT INTO `fileinfo` VALUES ('1579338726759.png', '模型封面', 'D:\\kaifa\\sts-workspace\\java-basic-springboot\\upload\\web\\模型封面\\1579338726759.png', '2020-01-18', '0');
INSERT INTO `fileinfo` VALUES ('1579338757982.png', '模型封面', 'D:\\kaifa\\sts-workspace\\java-basic-springboot\\upload\\web\\模型封面\\1579338757982.png', '2020-01-18', '0');
INSERT INTO `fileinfo` VALUES ('1579338769073.gltf', '模型源文件', 'D:\\kaifa\\sts-workspace\\java-basic-springboot\\upload\\web\\模型源文件\\1579338769073.gltf', '2020-01-18', '0');
INSERT INTO `fileinfo` VALUES ('1579338810336.png', '模型封面', 'D:\\kaifa\\sts-workspace\\java-basic-springboot\\upload\\web\\模型封面\\1579338810336.png', '2020-01-18', '0');
INSERT INTO `fileinfo` VALUES ('1579338816111.gltf', '模型源文件', 'D:\\kaifa\\sts-workspace\\java-basic-springboot\\upload\\web\\模型源文件\\1579338816111.gltf', '2020-01-18', '0');
INSERT INTO `fileinfo` VALUES ('1579339104299.png', '模型封面', 'D:\\kaifa\\sts-workspace\\java-basic-springboot\\upload\\web\\模型封面\\1579339104299.png', '2020-01-18', '0');
INSERT INTO `fileinfo` VALUES ('1579339116580.gltf', '模型源文件', 'D:\\kaifa\\sts-workspace\\java-basic-springboot\\upload\\web\\模型源文件\\1579339116580.gltf', '2020-01-18', '0');
INSERT INTO `fileinfo` VALUES ('1579339156575.png', '模型封面', 'D:\\kaifa\\sts-workspace\\java-basic-springboot\\upload\\web\\模型封面\\1579339156575.png', '2020-01-18', '0');
INSERT INTO `fileinfo` VALUES ('1579339161998.gltf', '模型源文件', 'D:\\kaifa\\sts-workspace\\java-basic-springboot\\upload\\web\\模型源文件\\1579339161998.gltf', '2020-01-18', '0');
INSERT INTO `fileinfo` VALUES ('1579339228805.png', '模型封面', 'D:\\kaifa\\sts-workspace\\java-basic-springboot\\upload\\web\\模型封面\\1579339228805.png', '2020-01-18', '0');
INSERT INTO `fileinfo` VALUES ('1579339234298.gltf', '模型源文件', 'D:\\kaifa\\sts-workspace\\java-basic-springboot\\upload\\web\\模型源文件\\1579339234298.gltf', '2020-01-18', '0');
INSERT INTO `fileinfo` VALUES ('1579339278767.png', '模型封面', 'D:\\kaifa\\sts-workspace\\java-basic-springboot\\upload\\web\\模型封面\\1579339278767.png', '2020-01-18', '0');
INSERT INTO `fileinfo` VALUES ('1579339284252.gltf', '模型源文件', 'D:\\kaifa\\sts-workspace\\java-basic-springboot\\upload\\web\\模型源文件\\1579339284252.gltf', '2020-01-18', '0');
INSERT INTO `fileinfo` VALUES ('1579339312052.png', '模型封面', 'D:\\kaifa\\sts-workspace\\java-basic-springboot\\upload\\web\\模型封面\\1579339312052.png', '2020-01-18', '0');
INSERT INTO `fileinfo` VALUES ('1579339316919.gltf', '模型源文件', 'D:\\kaifa\\sts-workspace\\java-basic-springboot\\upload\\web\\模型源文件\\1579339316919.gltf', '2020-01-18', '0');
INSERT INTO `fileinfo` VALUES ('1579339337278.jpg', '模型封面', 'D:\\kaifa\\sts-workspace\\java-basic-springboot\\upload\\web\\模型封面\\1579339337278.jpg', '2020-01-18', '0');
INSERT INTO `fileinfo` VALUES ('1579339343398.gltf', '模型源文件', 'D:\\kaifa\\sts-workspace\\java-basic-springboot\\upload\\web\\模型源文件\\1579339343398.gltf', '2020-01-18', '0');
INSERT INTO `fileinfo` VALUES ('1579339395786.png', '模型封面', 'D:\\kaifa\\sts-workspace\\java-basic-springboot\\upload\\web\\模型封面\\1579339395786.png', '2020-01-18', '0');
INSERT INTO `fileinfo` VALUES ('1579339400593.gltf', '模型源文件', 'D:\\kaifa\\sts-workspace\\java-basic-springboot\\upload\\web\\模型源文件\\1579339400593.gltf', '2020-01-18', '0');
INSERT INTO `fileinfo` VALUES ('1579339462733.gltf', '模型源文件', 'D:\\kaifa\\sts-workspace\\java-basic-springboot\\upload\\web\\模型源文件\\1579339462733.gltf', '2020-01-18', '0');
INSERT INTO `fileinfo` VALUES ('1586917278282.gltf', '模型源文件', 'D:\\kaifa\\sts-workspace\\java-basic-springboot\\upload\\web\\模型源文件\\1586917278282.gltf', '2020-04-15', '0');
INSERT INTO `fileinfo` VALUES ('1586917295616.png', '模型封面', 'D:\\kaifa\\sts-workspace\\java-basic-springboot\\upload\\web\\模型封面\\1586917295616.png', '2020-04-15', '0');
INSERT INTO `fileinfo` VALUES ('1586917308622.gltf', '模型源文件', 'D:\\kaifa\\sts-workspace\\java-basic-springboot\\upload\\web\\模型源文件\\1586917308622.gltf', '2020-04-15', '0');
INSERT INTO `fileinfo` VALUES ('1586917336173.png', '模型封面', 'D:\\kaifa\\sts-workspace\\java-basic-springboot\\upload\\web\\模型封面\\1586917336173.png', '2020-04-15', '0');
INSERT INTO `fileinfo` VALUES ('1586917423633.png', '模型封面', 'D:\\kaifa\\sts-workspace\\java-basic-springboot\\upload\\web\\模型封面\\1586917423633.png', '2020-04-15', '0');
INSERT INTO `fileinfo` VALUES ('1587024585019.zip', '模型源文件', 'D:\\kaifa\\sts-workspace\\java-basic-springboot\\upload\\web\\模型源文件\\1587024585019.zip', '2020-04-16', '0');
INSERT INTO `fileinfo` VALUES ('1587088814586.png', '模型封面', 'D:\\kaifa\\sts-workspace\\java-basic-springboot\\upload\\web\\模型封面\\1587088814586.png', '2020-04-17', '0');
INSERT INTO `fileinfo` VALUES ('1587088819963.gltf', '模型源文件', 'D:\\kaifa\\sts-workspace\\java-basic-springboot\\upload\\web\\模型源文件\\1587088819963.gltf', '2020-04-17', '0');
INSERT INTO `fileinfo` VALUES ('1587089576312.jpg', '模型封面', 'D:\\kaifa\\sts-workspace\\java-basic-springboot\\upload\\web\\模型封面\\1587089576312.jpg', '2020-04-17', '0');
INSERT INTO `fileinfo` VALUES ('1587089586303.jpg', '模型封面', 'D:\\kaifa\\sts-workspace\\java-basic-springboot\\upload\\web\\模型封面\\1587089586303.jpg', '2020-04-17', '0');
INSERT INTO `fileinfo` VALUES ('1587089906152.gltf', '模型源文件', 'D:\\kaifa\\sts-workspace\\java-basic-springboot\\upload\\web\\模型源文件\\1587089906152.gltf', '2020-04-17', '0');
INSERT INTO `fileinfo` VALUES ('1587089953045.jpg', '模型封面', 'D:\\kaifa\\sts-workspace\\java-basic-springboot\\upload\\web\\模型封面\\1587089953045.jpg', '2020-04-17', '0');
INSERT INTO `fileinfo` VALUES ('1587090041279.jpg', '模型封面', 'D:\\kaifa\\sts-workspace\\java-basic-springboot\\upload\\web\\模型封面\\1587090041279.jpg', '2020-04-17', '0');
INSERT INTO `fileinfo` VALUES ('1587090113878.jpg', '模型封面', 'D:\\kaifa\\sts-workspace\\java-basic-springboot\\upload\\web\\模型封面\\1587090113878.jpg', '2020-04-17', '0');
INSERT INTO `fileinfo` VALUES ('1587090252731.jpg', '模型封面', 'D:\\kaifa\\sts-workspace\\java-basic-springboot\\upload\\web\\模型封面\\1587090252731.jpg', '2020-04-17', '0');
INSERT INTO `fileinfo` VALUES ('1587090353983.jpg', '模型封面', 'D:\\kaifa\\sts-workspace\\java-basic-springboot\\upload\\web\\模型封面\\1587090353983.jpg', '2020-04-17', '0');
INSERT INTO `fileinfo` VALUES ('1587090626552.jpg', '模型封面', 'D:\\kaifa\\sts-workspace\\java-basic-springboot\\upload\\web\\模型封面\\1587090626552.jpg', '2020-04-17', '0');
INSERT INTO `fileinfo` VALUES ('1587090720746.jpg', '模型封面', 'D:\\kaifa\\sts-workspace\\java-basic-springboot\\upload\\web\\模型封面\\1587090720746.jpg', '2020-04-17', '0');
INSERT INTO `fileinfo` VALUES ('1587091039383.jpg', '模型封面', 'D:\\kaifa\\sts-workspace\\java-basic-springboot\\upload\\web\\模型封面\\1587091039383.jpg', '2020-04-17', '0');
INSERT INTO `fileinfo` VALUES ('1587091189273.jpg', '模型封面', 'D:\\kaifa\\sts-workspace\\java-basic-springboot\\upload\\web\\模型封面\\1587091189273.jpg', '2020-04-17', '0');
INSERT INTO `fileinfo` VALUES ('1587091281084.jpg', '模型封面', 'D:\\kaifa\\sts-workspace\\java-basic-springboot\\upload\\web\\模型封面\\1587091281084.jpg', '2020-04-17', '0');
INSERT INTO `fileinfo` VALUES ('1587091615834.jpg', '模型封面', 'D:\\kaifa\\sts-workspace\\java-basic-springboot\\upload\\web\\模型封面\\1587091615834.jpg', '2020-04-17', '0');
INSERT INTO `fileinfo` VALUES ('1587091620166.jpg', '模型封面', 'D:\\kaifa\\sts-workspace\\java-basic-springboot\\upload\\web\\模型封面\\1587091620166.jpg', '2020-04-17', '0');
INSERT INTO `fileinfo` VALUES ('1587091624708.jpg', '模型封面', 'D:\\kaifa\\sts-workspace\\java-basic-springboot\\upload\\web\\模型封面\\1587091624708.jpg', '2020-04-17', '0');
INSERT INTO `fileinfo` VALUES ('1587091681854.gltf', '模型源文件', 'D:\\kaifa\\sts-workspace\\java-basic-springboot\\upload\\web\\模型源文件\\1587091681854.gltf', '2020-04-17', '0');
INSERT INTO `fileinfo` VALUES ('1587091771616.jpg', '模型封面', 'D:\\kaifa\\sts-workspace\\java-basic-springboot\\upload\\web\\模型封面\\1587091771616.jpg', '2020-04-17', '0');
INSERT INTO `fileinfo` VALUES ('1587091783255.gltf', '模型源文件', 'D:\\kaifa\\sts-workspace\\java-basic-springboot\\upload\\web\\模型源文件\\1587091783255.gltf', '2020-04-17', '0');
INSERT INTO `fileinfo` VALUES ('1587091902502.gltf', '模型源文件', 'D:\\kaifa\\sts-workspace\\java-basic-springboot\\upload\\web\\模型源文件\\1587091902502.gltf', '2020-04-17', '0');
INSERT INTO `fileinfo` VALUES ('1587091907733.gltf', '模型源文件', 'D:\\kaifa\\sts-workspace\\java-basic-springboot\\upload\\web\\模型源文件\\1587091907733.gltf', '2020-04-17', '0');
INSERT INTO `fileinfo` VALUES ('1587092499544.jpg', '模型封面', 'D:\\kaifa\\sts-workspace\\java-basic-springboot\\upload\\web\\模型封面\\1587092499544.jpg', '2020-04-17', '0');
INSERT INTO `fileinfo` VALUES ('1587092501936.gltf', '模型源文件', 'D:\\kaifa\\sts-workspace\\java-basic-springboot\\upload\\web\\模型源文件\\1587092501936.gltf', '2020-04-17', '0');
INSERT INTO `fileinfo` VALUES ('1587093611157.jpg', '模型封面', 'D:\\kaifa\\sts-workspace\\java-basic-springboot\\upload\\web\\模型封面\\1587093611157.jpg', '2020-04-17', '0');
INSERT INTO `fileinfo` VALUES ('1587095015336.jpg', '模型封面', 'D:\\kaifa\\sts-workspace\\java-basic-springboot\\upload\\web\\模型封面\\1587095015336.jpg', '2020-04-17', '0');
INSERT INTO `fileinfo` VALUES ('1587095019228.gltf', '模型源文件', 'D:\\kaifa\\sts-workspace\\java-basic-springboot\\upload\\web\\模型源文件\\1587095019228.gltf', '2020-04-17', '0');
INSERT INTO `fileinfo` VALUES ('1587095122578.gltf', '模型源文件', 'D:\\kaifa\\sts-workspace\\java-basic-springboot\\upload\\web\\模型源文件\\1587095122578.gltf', '2020-04-17', '0');
INSERT INTO `fileinfo` VALUES ('1587095701880.gltf', '模型源文件', 'D:\\kaifa\\sts-workspace\\java-basic-springboot\\upload\\web\\模型源文件\\1587095701880.gltf', '2020-04-17', '0');
INSERT INTO `fileinfo` VALUES ('1587095756168.jpg', '模型封面', 'D:\\kaifa\\sts-workspace\\java-basic-springboot\\upload\\web\\模型封面\\1587095756168.jpg', '2020-04-17', '0');
INSERT INTO `fileinfo` VALUES ('1587096655754.gltf', '模型源文件', 'D:\\kaifa\\sts-workspace\\java-basic-springboot\\upload\\web\\模型源文件\\1587096655754.gltf', '2020-04-17', '0');
INSERT INTO `fileinfo` VALUES ('1587097086802.jpg', '模型封面', 'D:\\kaifa\\sts-workspace\\java-basic-springboot\\upload\\web\\模型封面\\1587097086802.jpg', '2020-04-17', '0');
INSERT INTO `fileinfo` VALUES ('1587097089646.gltf', '模型源文件', 'D:\\kaifa\\sts-workspace\\java-basic-springboot\\upload\\web\\模型源文件\\1587097089646.gltf', '2020-04-17', '0');
INSERT INTO `fileinfo` VALUES ('1587097574779.jpg', '模型封面', 'D:\\kaifa\\sts-workspace\\java-basic-springboot\\upload\\web\\模型封面\\1587097574779.jpg', '2020-04-17', '0');
INSERT INTO `fileinfo` VALUES ('1587097578555.gltf', '模型源文件', 'D:\\kaifa\\sts-workspace\\java-basic-springboot\\upload\\web\\模型源文件\\1587097578555.gltf', '2020-04-17', '0');
INSERT INTO `fileinfo` VALUES ('1587104543623.png', '模型封面', 'D:\\kaifa\\sts-workspace\\java-basic-springboot\\upload\\web\\模型封面\\1587104543623.png', '2020-04-17', '0');
INSERT INTO `fileinfo` VALUES ('1587351073096.jpg', '模型封面', 'D:\\kaifa\\sts-workspace\\java-basic-springboot\\upload\\web\\模型封面\\1587351073096.jpg', '2020-04-20', '0');
INSERT INTO `fileinfo` VALUES ('1587351077837.gltf', '模型源文件', 'D:\\kaifa\\sts-workspace\\java-basic-springboot\\upload\\web\\模型源文件\\1587351077837.gltf', '2020-04-20', '0');
INSERT INTO `fileinfo` VALUES ('1587351550324.jpg', '模型封面', 'D:\\kaifa\\sts-workspace\\java-basic-springboot\\upload\\web\\模型封面\\1587351550324.jpg', '2020-04-20', '0');
INSERT INTO `fileinfo` VALUES ('1587351553664.gltf', '模型源文件', 'D:\\kaifa\\sts-workspace\\java-basic-springboot\\upload\\web\\模型源文件\\1587351553664.gltf', '2020-04-20', '0');
INSERT INTO `fileinfo` VALUES ('1587351566203.jpg', '模型封面', 'D:\\kaifa\\sts-workspace\\java-basic-springboot\\upload\\web\\模型封面\\1587351566203.jpg', '2020-04-20', '0');
INSERT INTO `fileinfo` VALUES ('1587351834503.jpg', '模型封面', 'D:\\kaifa\\sts-workspace\\java-basic-springboot\\upload\\web\\模型封面\\1587351834503.jpg', '2020-04-20', '0');
INSERT INTO `fileinfo` VALUES ('1587351838628.jpg', '模型封面', 'D:\\kaifa\\sts-workspace\\java-basic-springboot\\upload\\web\\模型封面\\1587351838628.jpg', '2020-04-20', '0');
INSERT INTO `fileinfo` VALUES ('1587351841602.gltf', '模型源文件', 'D:\\kaifa\\sts-workspace\\java-basic-springboot\\upload\\web\\模型源文件\\1587351841602.gltf', '2020-04-20', '0');
INSERT INTO `fileinfo` VALUES ('1587352066710.jpg', '模型封面', 'D:\\kaifa\\sts-workspace\\java-basic-springboot\\upload\\web\\模型封面\\1587352066710.jpg', '2020-04-20', '0');
INSERT INTO `fileinfo` VALUES ('1587352071135.jpg', '模型封面', 'D:\\kaifa\\sts-workspace\\java-basic-springboot\\upload\\web\\模型封面\\1587352071135.jpg', '2020-04-20', '0');
INSERT INTO `fileinfo` VALUES ('1587352073662.gltf', '模型源文件', 'D:\\kaifa\\sts-workspace\\java-basic-springboot\\upload\\web\\模型源文件\\1587352073662.gltf', '2020-04-20', '0');
INSERT INTO `fileinfo` VALUES ('1587352223151.jpg', '模型封面', 'D:\\kaifa\\sts-workspace\\java-basic-springboot\\upload\\web\\模型封面\\1587352223151.jpg', '2020-04-20', '0');
INSERT INTO `fileinfo` VALUES ('1587352225648.gltf', '模型源文件', 'D:\\kaifa\\sts-workspace\\java-basic-springboot\\upload\\web\\模型源文件\\1587352225648.gltf', '2020-04-20', '0');
INSERT INTO `fileinfo` VALUES ('1587352283733.jpg', '模型封面', 'D:\\kaifa\\sts-workspace\\java-basic-springboot\\upload\\web\\模型封面\\1587352283733.jpg', '2020-04-20', '0');
INSERT INTO `fileinfo` VALUES ('1587352287483.gltf', '模型源文件', 'D:\\kaifa\\sts-workspace\\java-basic-springboot\\upload\\web\\模型源文件\\1587352287483.gltf', '2020-04-20', '0');
INSERT INTO `fileinfo` VALUES ('1587353482961.jpg', '模型封面', 'D:\\kaifa\\sts-workspace\\java-basic-springboot\\upload\\web\\模型封面\\1587353482961.jpg', '2020-04-20', '0');
INSERT INTO `fileinfo` VALUES ('1587353487074.jpg', '模型封面', 'D:\\kaifa\\sts-workspace\\java-basic-springboot\\upload\\web\\模型封面\\1587353487074.jpg', '2020-04-20', '0');
INSERT INTO `fileinfo` VALUES ('1587353489796.gltf', '模型源文件', 'D:\\kaifa\\sts-workspace\\java-basic-springboot\\upload\\web\\模型源文件\\1587353489796.gltf', '2020-04-20', '0');
INSERT INTO `fileinfo` VALUES ('1587353783844.jpg', '模型封面', 'D:\\kaifa\\sts-workspace\\java-basic-springboot\\upload\\web\\模型封面\\1587353783844.jpg', '2020-04-20', '0');
INSERT INTO `fileinfo` VALUES ('1587353788383.jpg', '模型封面', 'D:\\kaifa\\sts-workspace\\java-basic-springboot\\upload\\web\\模型封面\\1587353788383.jpg', '2020-04-20', '0');
INSERT INTO `fileinfo` VALUES ('1587353791359.gltf', '模型源文件', 'D:\\kaifa\\sts-workspace\\java-basic-springboot\\upload\\web\\模型源文件\\1587353791359.gltf', '2020-04-20', '0');
INSERT INTO `fileinfo` VALUES ('1587358014630.png', '模型封面', 'D:\\kaifa\\sts-workspace\\java-basic-springboot\\upload\\web\\模型封面\\1587358014630.png', '2020-04-20', '0');
INSERT INTO `fileinfo` VALUES ('1587461729657.png', '模型封面', 'D:\\kaifa\\sts-workspace\\java-basic-springboot\\upload\\web\\模型封面\\1587461729657.png', '2020-04-21', '0');
INSERT INTO `fileinfo` VALUES ('1587461732515.gltf', '模型源文件', 'D:\\kaifa\\sts-workspace\\java-basic-springboot\\upload\\web\\模型源文件\\1587461732515.gltf', '2020-04-21', '0');
INSERT INTO `fileinfo` VALUES ('1587461795977.png', '模型封面', 'D:\\kaifa\\sts-workspace\\java-basic-springboot\\upload\\web\\模型封面\\1587461795977.png', '2020-04-21', '0');
INSERT INTO `fileinfo` VALUES ('1587461798514.gltf', '模型源文件', 'D:\\kaifa\\sts-workspace\\java-basic-springboot\\upload\\web\\模型源文件\\1587461798514.gltf', '2020-04-21', '0');
INSERT INTO `fileinfo` VALUES ('1587637356855.zip', '模型源文件', 'D:\\kaifa\\sts-workspace\\java-basic-springboot\\upload\\web\\模型源文件\\1587637356855.zip', '2020-04-23', '0');
INSERT INTO `fileinfo` VALUES ('1587637399402.jpg', '模型封面', 'D:\\kaifa\\sts-workspace\\java-basic-springboot\\upload\\web\\模型封面\\1587637399402.jpg', '2020-04-23', '0');
INSERT INTO `fileinfo` VALUES ('1587637404568.jpg', '模型封面', 'D:\\kaifa\\sts-workspace\\java-basic-springboot\\upload\\web\\模型封面\\1587637404568.jpg', '2020-04-23', '0');
INSERT INTO `fileinfo` VALUES ('1587637413316.zip', '模型源文件', 'D:\\kaifa\\sts-workspace\\java-basic-springboot\\upload\\web\\模型源文件\\1587637413316.zip', '2020-04-23', '0');
INSERT INTO `fileinfo` VALUES ('1587637542055.png', '模型封面', 'D:\\kaifa\\sts-workspace\\java-basic-springboot\\upload\\web\\模型封面\\1587637542055.png', '2020-04-23', '0');
INSERT INTO `fileinfo` VALUES ('1587637544740.gltf', '模型源文件', 'D:\\kaifa\\sts-workspace\\java-basic-springboot\\upload\\web\\模型源文件\\1587637544740.gltf', '2020-04-23', '0');
INSERT INTO `fileinfo` VALUES ('1587717222573.jpg', '模型封面', 'D:\\kaifa\\sts-workspace\\java-basic-springboot\\target\\upload\\web\\模型封面\\1587717222573.jpg', '2020-04-24', '0');
INSERT INTO `fileinfo` VALUES ('1587717226720.jpg', '模型封面', 'D:\\kaifa\\sts-workspace\\java-basic-springboot\\target\\upload\\web\\模型封面\\1587717226720.jpg', '2020-04-24', '0');
INSERT INTO `fileinfo` VALUES ('1587717230974.gltf', '模型源文件', 'D:\\kaifa\\sts-workspace\\java-basic-springboot\\target\\upload\\web\\模型源文件\\1587717230974.gltf', '2020-04-24', '0');
INSERT INTO `fileinfo` VALUES ('1587717337388.png', '模型封面', 'D:\\kaifa\\sts-workspace\\java-basic-springboot\\target\\upload\\web\\模型封面\\1587717337388.png', '2020-04-24', '0');
INSERT INTO `fileinfo` VALUES ('1587717341334.png', '模型封面', 'D:\\kaifa\\sts-workspace\\java-basic-springboot\\target\\upload\\web\\模型封面\\1587717341334.png', '2020-04-24', '0');
INSERT INTO `fileinfo` VALUES ('1587717345118.gltf', '模型源文件', 'D:\\kaifa\\sts-workspace\\java-basic-springboot\\target\\upload\\web\\模型源文件\\1587717345118.gltf', '2020-04-24', '0');
INSERT INTO `fileinfo` VALUES ('1587717960559.jpg', '模型封面', 'D:\\kaifa\\sts-workspace\\java-basic-springboot\\target\\upload\\web\\模型封面\\1587717960559.jpg', '2020-04-24', '0');
INSERT INTO `fileinfo` VALUES ('1587717967233.png', '模型封面', 'D:\\kaifa\\sts-workspace\\java-basic-springboot\\target\\upload\\web\\模型封面\\1587717967233.png', '2020-04-24', '0');
INSERT INTO `fileinfo` VALUES ('1587717972315.jpg', '模型封面', 'D:\\kaifa\\sts-workspace\\java-basic-springboot\\target\\upload\\web\\模型封面\\1587717972315.jpg', '2020-04-24', '0');
INSERT INTO `fileinfo` VALUES ('1587721426053.png', '模型封面', 'D:\\kaifa\\sts-workspace\\java-basic-springboot\\target\\upload\\web\\模型封面\\1587721426053.png', '2020-04-24', '0');
INSERT INTO `fileinfo` VALUES ('1587721428661.gltf', '模型源文件', 'D:\\kaifa\\sts-workspace\\java-basic-springboot\\target\\upload\\web\\模型源文件\\1587721428661.gltf', '2020-04-24', '0');
INSERT INTO `fileinfo` VALUES ('1587721462015.png', '模型封面', 'D:\\kaifa\\sts-workspace\\java-basic-springboot\\target\\upload\\web\\模型封面\\1587721462015.png', '2020-04-24', '0');
INSERT INTO `fileinfo` VALUES ('1587721465653.gltf', '模型源文件', 'D:\\kaifa\\sts-workspace\\java-basic-springboot\\target\\upload\\web\\模型源文件\\1587721465653.gltf', '2020-04-24', '0');

-- ----------------------------
-- Table structure for flowmodel
-- ----------------------------
DROP TABLE IF EXISTS `flowmodel`;
CREATE TABLE `flowmodel` (
  `fid` varchar(50) NOT NULL,
  `uid` varchar(50) DEFAULT NULL,
  `mid` int(11) DEFAULT NULL,
  `endaccount` varchar(50) DEFAULT NULL,
  `cycle` int(11) DEFAULT NULL,
  `starttime` varchar(50) DEFAULT NULL,
  `endtime` varchar(50) DEFAULT NULL,
  `saynew` int(11) DEFAULT NULL,
  `creattime` varchar(50) DEFAULT NULL
) ENGINE=InnoDB DEFAULT CHARSET=utf8;

-- ----------------------------
-- Records of flowmodel
-- ----------------------------
INSERT INTO `flowmodel` VALUES ('11a165aa40394cd1988063ddd6d2ca5a', '273aba27ab984b7ebd63b4a895898079', '113', '10.0', '4', '2020-04-17', '', '1', '2020-04-15');
INSERT INTO `flowmodel` VALUES ('2020041522001414670501028035', '273aba27ab984b7ebd63b4a895898079', '73', '123.00', '4', '2020-04-15', '', '1', '2020-04-15');
INSERT INTO `flowmodel` VALUES ('2020041522001414670501028153', '997d42b5eaa548b0b73340a411a7f8df', '87', '20.00', '4', '2020-04-15', '', '1', '2020-04-15');
INSERT INTO `flowmodel` VALUES ('2020041522001414670501028154', '997d42b5eaa548b0b73340a411a7f8df', '85', '4545.00', '4', '2020-04-15', '', '1', '2020-04-15');
INSERT INTO `flowmodel` VALUES ('2020041522001414670501028155', '997d42b5eaa548b0b73340a411a7f8df', '79', '56.80', '4', '2020-04-15', '', '1', '2020-04-15');
INSERT INTO `flowmodel` VALUES ('2020041522001414670501028156', '997d42b5eaa548b0b73340a411a7f8df', '78', '532.00', '4', '2020-04-15', '', '1', '2020-04-15');
INSERT INTO `flowmodel` VALUES ('2020041522001414670501028157', '997d42b5eaa548b0b73340a411a7f8df', '80', '123.00', '4', '2020-04-15', '', '1', '2020-04-15');
INSERT INTO `flowmodel` VALUES ('2020041522001414670501028159', '273aba27ab984b7ebd63b4a895898079', '81', '88.00', '4', '2020-04-15', '', '1', '2020-04-15');
INSERT INTO `flowmodel` VALUES ('2020041522001414670501028160', '273aba27ab984b7ebd63b4a895898079', '83', '745.00', '4', '2020-04-15', '', '1', '2020-04-15');
INSERT INTO `flowmodel` VALUES ('2020041522001414670501028161', '273aba27ab984b7ebd63b4a895898079', '72', '853.00', '4', '2020-04-15', '', '1', '2020-04-15');
INSERT INTO `flowmodel` VALUES ('2020041522001414670501028162', '273aba27ab984b7ebd63b4a895898079', '84', '243.00', '4', '2020-04-15', '', '1', '2020-04-15');
INSERT INTO `flowmodel` VALUES ('2020041522001414670501028269', '273aba27ab984b7ebd63b4a895898079', '70', '425.00', '4', '2020-04-15', '', '1', '2020-04-15');
INSERT INTO `flowmodel` VALUES ('2020041522001414670501028270', '273aba27ab984b7ebd63b4a895898079', '68', '685.00', '4', '2020-04-15', '', '1', '2020-04-15');
INSERT INTO `flowmodel` VALUES ('2020041522001414670501028453', '997d42b5eaa548b0b73340a411a7f8df', '69', '854.00', '4', '2020-04-15', '', '1', '2020-04-15');
INSERT INTO `flowmodel` VALUES ('2020041522001414670501028454', '997d42b5eaa548b0b73340a411a7f8df', '76', '153.00', '4', '2020-04-15', '', '1', '2020-04-15');
INSERT INTO `flowmodel` VALUES ('2020041522001414670501028455', '997d42b5eaa548b0b73340a411a7f8df', '81', '88.00', '4', '2020-04-15', '', '1', '2020-04-15');
INSERT INTO `flowmodel` VALUES ('2020041522001414670501028459', '273aba27ab984b7ebd63b4a895898079', '76', '153.00', '4', '2020-04-15', '', '1', '2020-04-15');
INSERT INTO `flowmodel` VALUES ('2020041522001414670501028460', '273aba27ab984b7ebd63b4a895898079', '87', '20.00', '4', '2020-04-15', '', '1', '2020-04-15');
INSERT INTO `flowmodel` VALUES ('2020041522001414670501028759', '997d42b5eaa548b0b73340a411a7f8df', '77', '196.00', '4', '2020-04-15', '', '1', '2020-04-15');
INSERT INTO `flowmodel` VALUES ('45cdbb020dbd4c8ca2f2edcb1b95afd4', '68cd9b5cf6194294a537cffe8e5c9dd0', '75', '1250.0', '4', '2020-04-17', '', '2', '2020-04-15');
INSERT INTO `flowmodel` VALUES ('651cdf438c7d40a586271e0d08cdbc92', '68cd9b5cf6194294a537cffe8e5c9dd0', '78', '5320.0', '4', '2020-04-17', '', '1', '2020-04-17');
INSERT INTO `flowmodel` VALUES ('904ecce97d6f47279796f04d99c67512', '68cd9b5cf6194294a537cffe8e5c9dd0', '83', '7450.0', '4', '2020-04-17', '', '1', '2020-04-17');
INSERT INTO `flowmodel` VALUES ('bfdd91fbe9cc4795890e1e328d1659f4', '68cd9b5cf6194294a537cffe8e5c9dd0', '82', '8530.0', '4', '2020-04-17', '', '1', '2020-04-17');
INSERT INTO `flowmodel` VALUES ('d71c17b0b2524654894aa46252e2ae44', '68cd9b5cf6194294a537cffe8e5c9dd0', '81', '880.0', '4', '2020-04-17', '', '2', '2020-04-17');
INSERT INTO `flowmodel` VALUES ('8ca8d184d3a14395a9d86364fa92e063', '68cd9b5cf6194294a537cffe8e5c9dd0', '113', '10.0', '4', '2020-04-20', '', '2', '2020-04-17');
INSERT INTO `flowmodel` VALUES ('11701ec4de5945d6b6f13da6828fc4cd', '68cd9b5cf6194294a537cffe8e5c9dd0', '114', '340.0', '4', '2020-04-20', '', '2', '2020-04-17');
INSERT INTO `flowmodel` VALUES ('ae9b3794abde49a2a128e4e450751160', '68cd9b5cf6194294a537cffe8e5c9dd0', '117', '450.0', '4', '2020-04-20', '', '2', '2020-04-20');
INSERT INTO `flowmodel` VALUES ('dfb64c806fd84c78bde34f21a34d9b8c', '68cd9b5cf6194294a537cffe8e5c9dd0', '118', '500.0', '4', '2020-04-20', '', '2', '2020-04-20');
INSERT INTO `flowmodel` VALUES ('4bddfc09324f4663b9a3eb28ac5b1580', '68cd9b5cf6194294a537cffe8e5c9dd0', '119', '1520.0', '4', '2020-04-20', '', '1', '2020-04-20');
INSERT INTO `flowmodel` VALUES ('f5ab742c3fac4a318edcd435836a3e5f', '68cd9b5cf6194294a537cffe8e5c9dd0', '120', '450.0', '4', '2020-04-20', '', '2', '2020-04-20');
INSERT INTO `flowmodel` VALUES ('2020042022001414670501032702', '4499182d18e54e8f97f75c5c257d9afa', '76', '39.80', '1', '2020-04-20', '2020-05-20', '2', '2020-04-20');
INSERT INTO `flowmodel` VALUES ('2020042022001414670501032545', '4499182d18e54e8f97f75c5c257d9afa', '82', '518.40', '2', '2020-04-20', '2020-10-20', '2', '2020-04-20');
INSERT INTO `flowmodel` VALUES ('2020042022001414670501032182', '4499182d18e54e8f97f75c5c257d9afa', '112', '6297.60', '3', '2020-04-20', '2021-04-20', '2', '2020-04-20');
INSERT INTO `flowmodel` VALUES ('2020042022001414670501033033', '4499182d18e54e8f97f75c5c257d9afa', '80', '257.28', '3', '2020-04-20', '2021-04-20', '2', '2020-04-20');
INSERT INTO `flowmodel` VALUES ('2020042022001414670501033033', '4499182d18e54e8f97f75c5c257d9afa', '81', '44.16', '3', '2020-04-20', '2021-04-20', '2', '2020-04-20');
INSERT INTO `flowmodel` VALUES ('2020042022001414670501032547', '4499182d18e54e8f97f75c5c257d9afa', '114', '34.00', '4', '2020-04-20', '', '2', '2020-04-20');
INSERT INTO `flowmodel` VALUES ('2020042022001414670501033034', '4499182d18e54e8f97f75c5c257d9afa', '69', '341.28', '2', '2020-04-20', '2020-10-20', '2', '2020-04-20');
INSERT INTO `flowmodel` VALUES ('2020042022001414670501032706', '68cd9b5cf6194294a537cffe8e5c9dd0', '81', '88.00', '4', '2020-04-20', '', '2', '2020-04-20 17:38:25');
INSERT INTO `flowmodel` VALUES ('2020042022001414670501033200', '68cd9b5cf6194294a537cffe8e5c9dd0', '80', '123.00', '4', '2020-04-20', '', '2', '2020-04-20 17:55:49');
INSERT INTO `flowmodel` VALUES ('2020042022001414670501033201', '68cd9b5cf6194294a537cffe8e5c9dd0', '76', '153.00', '4', '2020-04-20', '', '2', '2020-04-20 17:59:17');
INSERT INTO `flowmodel` VALUES ('ec2fd4986a04417080b96edf53116966', '4499182d18e54e8f97f75c5c257d9afa', '75', '950.4', '3', '2020-04-22', '2021-04-22', '2', null);
INSERT INTO `flowmodel` VALUES ('abdc3281e84743168143f297cb98a58e', '4499182d18e54e8f97f75c5c257d9afa', '112', '67782.0', '3', '2020-04-22', '2021-04-22', '2', '2020-04-22 11:30:47');
INSERT INTO `flowmodel` VALUES ('dc9fda7b931b455e895362525ad6ab40', '4499182d18e54e8f97f75c5c257d9afa', '77', '67782.0', '2', '2020-04-22', '2020-10-22', '2', '2020-04-22 11:30:47');
INSERT INTO `flowmodel` VALUES ('3db448e8875b4e6db7aa56bf580a8b03', '4499182d18e54e8f97f75c5c257d9afa', '113', '10.0', '4', '2020-04-22', '', '2', null);
INSERT INTO `flowmodel` VALUES ('bbe4e3842bc441cc9166459037aa5a4b', '4499182d18e54e8f97f75c5c257d9afa', '122', '10.0', '4', '2020-04-22', '', '2', '2020-04-22 11:35:02');
INSERT INTO `flowmodel` VALUES ('9e425c7579ad4624959c31369037c4c6', '4499182d18e54e8f97f75c5c257d9afa', '83', '7450.0', '4', '2020-04-22', '', '2', '2020-04-22 11:36:51');
INSERT INTO `flowmodel` VALUES ('1c960ea574104895bc63d1c4f5030769', '4499182d18e54e8f97f75c5c257d9afa', '120', '450.0', '4', '2020-04-22', '', '2', '2020-04-22 11:37:20');
INSERT INTO `flowmodel` VALUES ('90773512d68b4ea793eb532a1ba5ed6c', '4499182d18e54e8f97f75c5c257d9afa', '118', '4800.0', '3', '2020-04-22', '2021-04-22', '2', '2020-04-22 16:31:40');
INSERT INTO `flowmodel` VALUES ('682cbfb7603d402c9b7f9f2c7c9def97', '4499182d18e54e8f97f75c5c257d9afa', '76', '3930.8', '3', '2020-04-24', '2021-04-24', '1', '2020-04-24 11:06:09');
INSERT INTO `flowmodel` VALUES ('e1a1c42975cb41c3a7baadf6886590f2', '4499182d18e54e8f97f75c5c257d9afa', '121', '3930.8', '4', '2020-04-24', '', '1', '2020-04-24 11:06:09');
INSERT INTO `flowmodel` VALUES ('a519ce87c838498290ea58090a7e8542', '3eaa7216aece4c2685e62101e01f8b28', '73', '.00', '4', '2020-04-24', '', '2', '2020-04-24 15:03:09');
INSERT INTO `flowmodel` VALUES ('f4d859f417a740afb5c87197c3960a57', '3eaa7216aece4c2685e62101e01f8b28', '81', '880.00', '4', '2020-04-24', '', '1', '2020-04-24 15:03:56');
INSERT INTO `flowmodel` VALUES ('1bc0b8dc89fd4905bed73e42f1f7dbad', '3eaa7216aece4c2685e62101e01f8b28', '80', '1230.00', '4', '2020-04-24', '', '2', '2020-04-24 15:06:02');
INSERT INTO `flowmodel` VALUES ('c7248ca680924c0da2fbcae59074424a', '3eaa7216aece4c2685e62101e01f8b28', '76', '1530.00', '4', '2020-04-24', '', '2', '2020-04-24 15:07:29');
INSERT INTO `flowmodel` VALUES ('4911df36e3364e5aa416b45d750abec1', '3eaa7216aece4c2685e62101e01f8b28', '84', '.00', '4', '2020-04-24', '', '1', '2020-04-24 15:08:48');
INSERT INTO `flowmodel` VALUES ('41da71ea08a444408550b08ed331e8dd', '3eaa7216aece4c2685e62101e01f8b28', '78', '5320.00', '4', '2020-04-24', '', '2', '2020-04-24 15:09:23');
INSERT INTO `flowmodel` VALUES ('94bc4562cad9422a82b77fe40ded78c5', '3eaa7216aece4c2685e62101e01f8b28', '75', '1250.00', '4', '2020-04-24', '', '1', '2020-04-24 15:13:05');
INSERT INTO `flowmodel` VALUES ('124f814d649d4fd1a4416c9cdb388b6a', '3eaa7216aece4c2685e62101e01f8b28', '68', '.00', '4', '2020-04-24', '', '1', '2020-04-24 15:14:24');
INSERT INTO `flowmodel` VALUES ('9bfadd5d979544368c8b46ac4447bb34', '3eaa7216aece4c2685e62101e01f8b28', '77', '1960.00', '4', '2020-04-24', '', '1', '2020-04-24 15:15:15');
INSERT INTO `flowmodel` VALUES ('55a8869e992841599687a9591bbe1659', '3eaa7216aece4c2685e62101e01f8b28', '130', '10.0', '4', '2020-04-24', '', '2', '2020-04-24 15:32:20');
INSERT INTO `flowmodel` VALUES ('414469b5f7254b708346f147779f46da', '3eaa7216aece4c2685e62101e01f8b28', '131', '340.0', '4', '2020-04-24', '', '2', '2020-04-24 15:37:19');
INSERT INTO `flowmodel` VALUES ('e8e25e8b001d48aca2c23cd9914f9bd7', '3eaa7216aece4c2685e62101e01f8b28', '74', '.00', '4', '2020-04-24', '', '2', '2020-04-24 15:38:14');
INSERT INTO `flowmodel` VALUES ('34f99bf06b594835835d1acfefe134b9', '3eaa7216aece4c2685e62101e01f8b28', '113', '10.00', '4', '2020-04-24', '', '2', '2020-04-24 17:02:11');

-- ----------------------------
-- Table structure for flowtable
-- ----------------------------
DROP TABLE IF EXISTS `flowtable`;
CREATE TABLE `flowtable` (
  `flownum` bigint(20) NOT NULL,
  `proposer` varchar(50) DEFAULT NULL,
  `flowtime` datetime DEFAULT NULL,
  `node` int(11) DEFAULT NULL,
  `remark` varchar(255) DEFAULT NULL,
  `formname` varchar(50) DEFAULT NULL,
  `filepath` varchar(255) DEFAULT NULL,
  `isapprove` int(11) DEFAULT NULL,
  PRIMARY KEY (`flownum`)
) ENGINE=InnoDB DEFAULT CHARSET=utf8;

-- ----------------------------
-- Records of flowtable
-- ----------------------------

-- ----------------------------
-- Table structure for modelinfo
-- ----------------------------
DROP TABLE IF EXISTS `modelinfo`;
CREATE TABLE `modelinfo` (
  `mid` int(11) NOT NULL AUTO_INCREMENT,
  `modelname` varchar(50) DEFAULT NULL,
  `modelprice` double DEFAULT NULL,
  `unitprice` double DEFAULT NULL,
  `buildtype` varchar(255) DEFAULT NULL,
  `resource_one` varchar(50) DEFAULT NULL,
  `resource_two` varchar(50) DEFAULT NULL,
  `filePics` varchar(255) DEFAULT NULL,
  `fileModel` varchar(255) DEFAULT NULL,
  `mdescribe` text,
  `download` int(11) DEFAULT '0',
  `starclass` int(11) DEFAULT '1',
  `creatTime` varchar(50) DEFAULT NULL,
  `userid` varchar(50) DEFAULT NULL,
  `modelstatus` int(11) DEFAULT NULL,
  `examine` int(11) DEFAULT NULL,
  `examinepeople` varchar(50) DEFAULT NULL,
  `examinetime` varchar(50) DEFAULT NULL,
  `examineremark` varchar(255) DEFAULT NULL,
  PRIMARY KEY (`mid`)
) ENGINE=InnoDB AUTO_INCREMENT=136 DEFAULT CHARSET=utf8;

-- ----------------------------
-- Records of modelinfo
-- ----------------------------
INSERT INTO `modelinfo` VALUES ('67', '木材', '0', '0', '动态', '特种设备库', '履带起重机', '1579337871892.png', '1579337878346.gltf', '<p>水电费水电费水电费</p>', '756', '5', '2020-01-18', '00da3c04c1b14519862301666987bfcd', '1', '2', '00da3c04c1b14519862301666987bfcd', '2020-04-17', null);
INSERT INTO `modelinfo` VALUES ('68', '寝室', '0', '12', '可操控', '场景素材库', '附加模型', '1579338263464.png', '1579338269785.gltf', '<p>测试数据</p>', '254', '4', '2020-01-18', '00da3c04c1b14519862301666987bfcd', '1', '1', '00da3c04c1b14519862301666987bfcd', null, null);
INSERT INTO `modelinfo` VALUES ('69', '测试数据', '854', '63.2', '静态', '临时构建库', '三厂', '1579338304689.png', '1579338309679.gltf', '', '12', '4', '2020-01-18', '00da3c04c1b14519862301666987bfcd', '1', '1', '00da3c04c1b14519862301666987bfcd', '2020-04-17', null);
INSERT INTO `modelinfo` VALUES ('70', '场贩', '0', '0', '动态', '特种设备库', '汽车起重机', '1579338449744.png', '1579338476189.gltf', '', '53', '5', '2020-01-18', '00da3c04c1b14519862301666987bfcd', '1', '2', '00da3c04c1b14519862301666987bfcd', '2020-04-17', null);
INSERT INTO `modelinfo` VALUES ('71', '钢筋', '0', '1', '动态', '特种设备库', '公路架桥机', '1579338540795.png', '1579338546838.gltf', '', '89', '2', '2020-01-18', '00da3c04c1b14519862301666987bfcd', '1', '2', '00da3c04c1b14519862301666987bfcd', '2020-04-17', null);
INSERT INTO `modelinfo` VALUES ('72', '钢筋2号', '0', '65', '可操控', '特种设备库', '履带起重机', '1579338597689.png', '1579338603038.gltf', '<p>感动天雨辰下大雨</p>', '96', '1', '2020-01-18', '00da3c04c1b14519862301666987bfcd', '1', '2', '00da3c04c1b14519862301666987bfcd', '2020-04-17', null);
INSERT INTO `modelinfo` VALUES ('73', '管理系统', '0', '0', '静态', '特种设备库', '公路架桥机', '1579338682949.png', '1579338690476.gltf', '', '542', '3', '2020-01-18', '00da3c04c1b14519862301666987bfcd', '1', '1', '00da3c04c1b14519862301666987bfcd', '2020-04-17', null);
INSERT INTO `modelinfo` VALUES ('74', '工作室', '0', '0', '动态', '特种设备库', '门式起重机', '1579338757982.png', '1579338769073.gltf', '', '185', '3', '2020-01-18', '00da3c04c1b14519862301666987bfcd', '1', '1', '00da3c04c1b14519862301666987bfcd', '2020-04-17', null);
INSERT INTO `modelinfo` VALUES ('75', '滑动板房', '125', '9.9', '静态', '临时构建库', '关键临时设备', '1579338810336.png', '1579338816111.gltf', '', '463', '2', '2020-01-18', '00da3c04c1b14519862301666987bfcd', '1', '1', '00da3c04c1b14519862301666987bfcd', null, null);
INSERT INTO `modelinfo` VALUES ('76', '苹果', '153', '39.8', '动态', '特种设备库', '履带起重机', '1587095015336.jpg', '1579339002642.gltf', '< p > 持续保持v不错v吧 </ p > ', '521', '4', '2020-01-18', '00da3c04c1b14519862301666987bfcd', '1', '1', '00da3c04c1b14519862301666987bfcd', '2020-04-17', null);
INSERT INTO `modelinfo` VALUES ('77', '国际执法', '196', '89', '动态', '特种设备库', '门式起重机', '1579339104299.png', '1579339116580.gltf', '', '87', '4', '2020-01-18', '00da3c04c1b14519862301666987bfcd', '1', '1', '00da3c04c1b14519862301666987bfcd', null, null);
INSERT INTO `modelinfo` VALUES ('78', '娃哈哈', '532', '96', '可操控', '场景素材库', '附加模型', '1579339156575.png', '1579339161998.gltf', '', '452', '5', '2020-01-18', '00da3c04c1b14519862301666987bfcd', '1', '1', '00da3c04c1b14519862301666987bfcd', null, null);
INSERT INTO `modelinfo` VALUES ('79', '编号', '56.8', '23', '动态', '临时构建库', '两区', '1579339228805.png', '1579339234298.gltf', '', '3', '3', '2020-01-18', '00da3c04c1b14519862301666987bfcd', '1', '1', '00da3c04c1b14519862301666987bfcd', null, null);
INSERT INTO `modelinfo` VALUES ('80', '命名', '123', '26.8', '动态', '临时构建库', '关键临时设备', '1579339278767.png', '1579339284252.gltf', '', '500', '1', '2020-01-18', '00da3c04c1b14519862301666987bfcd', '1', '1', '00da3c04c1b14519862301666987bfcd', null, null);
INSERT INTO `modelinfo` VALUES ('81', '考大全', '88', '4.6', '可操控', '特种设备库', '公路架桥机', '1579339312052.png', '1579339316919.gltf', '', '824', '2', '2020-01-18', '00da3c04c1b14519862301666987bfcd', '1', '1', '00da3c04c1b14519862301666987bfcd', null, null);
INSERT INTO `modelinfo` VALUES ('82', '大桥', '853', '96.36', '动态', '特种设备库', '公路架桥机', '1579339337278.jpg', '1579339343398.gltf', '', '355', '2', '2020-01-18', '00da3c04c1b14519862301666987bfcd', '1', '1', '00da3c04c1b14519862301666987bfcd', null, null);
INSERT INTO `modelinfo` VALUES ('83', '考拉去', '745', '68.3', '可操控', '场景素材库', '人物', '1579339395786.png', '1579339400593.gltf', '', '128', '4', '2020-01-18', '00da3c04c1b14519862301666987bfcd', '1', '1', '00da3c04c1b14519862301666987bfcd', null, null);
INSERT INTO `modelinfo` VALUES ('84', '设计数据', '0', '23', '可操控', '特种设备库', '门式起重机', '1579339458238.png', '1579339462733.gltf', '', '486', '1', '2020-01-18', '00da3c04c1b14519862301666987bfcd', '1', '1', '00da3c04c1b14519862301666987bfcd', '2020-04-20', '水电费水电费水电费');
INSERT INTO `modelinfo` VALUES ('85', '水电费', '0', '45', '动态', '临时构建库', '关键临时设备', '1579339458238.png', '1586852059359.gltf', '<p>水电费水电费</p>', '0', '1', '2020-04-14', '336d17728a9b4ca092f6c4870f83b80d', '1', '1', '00da3c04c1b14519862301666987bfcd', '2020-04-17', null);
INSERT INTO `modelinfo` VALUES ('90', '测试', '0', '11', '动态', '特种设备库', '门式起重机', '1587088814586.png', '1587088819963.gltf', '<p>测试</p>', '0', '1', '2020-04-17', '4499182d18e54e8f97f75c5c257d9afa', '1', '0', '00da3c04c1b14519862301666987bfcd', '2020-04-17', '备注：请检查模型文件格式');
INSERT INTO `modelinfo` VALUES ('91', '23123', '0', '1', '动态', '特种设备库', '汽车起重机', '1587104543623.png', '1587089906152.gltf', '', '0', '1', '2020-04-17', '4499182d18e54e8f97f75c5c257d9afa', '1', '2', '00da3c04c1b14519862301666987bfcd', '2020-04-17', '模型图片有误，请重新上传1');
INSERT INTO `modelinfo` VALUES ('113', '3434', '1', '0', '静态', '特种设备库', '汽车起重机', '1587097574779.jpg', '1587097578555.gltf', '<p>阿三的说法</p>', '0', '1', '2020-04-17', '00da3c04c1b14519862301666987bfcd', '1', '1', '00da3c04c1b14519862301666987bfcd', '2020-04-17', '水电费水电费水电费');
INSERT INTO `modelinfo` VALUES ('114', '12465789', '34', '34', '动态', '场景素材库', '附加模型', '1587351073096.jpg', '1587351077837.gltf', '<p>234</p>', '0', '1', '2020-04-20', '00da3c04c1b14519862301666987bfcd', '1', '1', '00da3c04c1b14519862301666987bfcd', '2020-04-20', null);
INSERT INTO `modelinfo` VALUES ('116', '456456456', '56', '56', '静态', '临时构建库', '三厂', '1587351834503.jpg,1587351838628.jpg', '1587351841602.gltf', '<p>456456456</p>', '0', '1', '2020-04-20', '00da3c04c1b14519862301666987bfcd', '1', '2', '00da3c04c1b14519862301666987bfcd', '2020-04-20', '水电费水电费水电费');
INSERT INTO `modelinfo` VALUES ('117', '20200420', '45', '45', '静态', '特种设备库', '汽车起重机', '1587352066710.jpg,1587352071135.jpg', '1587352073662.gltf', '<p>风格化风格化</p>', '0', '1', '2020-04-20', '00da3c04c1b14519862301666987bfcd', '1', '1', '00da3c04c1b14519862301666987bfcd', '2020-04-20', null);
INSERT INTO `modelinfo` VALUES ('118', '002', '50', '50', '动态', '特种设备库', '履带起重机', '1587352283733.jpg', '1587352287483.gltf', '<p>阿瑟大声地</p>', '0', '1', '2020-04-20', '00da3c04c1b14519862301666987bfcd', '1', '1', '00da3c04c1b14519862301666987bfcd', '2020-04-20', null);
INSERT INTO `modelinfo` VALUES ('119', '202004201119', '152', '56', '动态', '特种设备库', '公路架桥机', '1587353482961.jpg,1587358014630.png', '1587353489796.gltf', '<p>电饭锅</p>', '0', '1', '2020-04-20', '00da3c04c1b14519862301666987bfcd', '1', '1', '00da3c04c1b14519862301666987bfcd', '2020-04-20', null);
INSERT INTO `modelinfo` VALUES ('120', '202004201124', '45', '45', '静态', '特种设备库', '汽车起重机', '1587353783844.jpg,1587353788383.jpg', '1587353791359.gltf', '<p>345456</p>', '0', '1', '2020-04-20', '00da3c04c1b14519862301666987bfcd', '1', '1', '00da3c04c1b14519862301666987bfcd', '2020-04-20', null);
INSERT INTO `modelinfo` VALUES ('121', 'ceshishuj', '11', '10.52', '动态', '特种设备库', '履带起重机', '1587461729657.png', '1587461732515.gltf', '<p>1111</p>', '0', '1', '2020-04-21', '00da3c04c1b14519862301666987bfcd', '1', '1', '00da3c04c1b14519862301666987bfcd', '2020-04-22', null);
INSERT INTO `modelinfo` VALUES ('122', 'cehishisad', '0', '0', '动态', '场景素材库', '交通', '1587461795977.png', '1587461798514.gltf', '<p>21121</p>', '0', '1', '2020-04-21', '4499182d18e54e8f97f75c5c257d9afa', '1', '1', '00da3c04c1b14519862301666987bfcd', '2020-04-21', 'shujuwent');
INSERT INTO `modelinfo` VALUES ('130', '222321', '1', '1', '动态', '临时构建库', '关键临时设备', '1587637542055.png', '1587637544740.gltf', '<p>321321</p>', '0', '1', '2020-04-23', '00da3c04c1b14519862301666987bfcd', '1', '1', '3eaa7216aece4c2685e62101e01f8b28', '2020-04-23', null);
INSERT INTO `modelinfo` VALUES ('132', '山东省电费', '45', '32', '静态', '特种设备库', '汽车起重机', '1587717222573.jpg,1587717226720.jpg', '1587717230974.gltf', '<p>手打收到<img src=\"http://192.168.2.107:6066//image/模型描述/1587717241603.jpg\" alt=\"\" width=\"312\" height=\"205\" /></p>', '0', '1', '2020-04-24', '3eaa7216aece4c2685e62101e01f8b28', '1', '1', '00da3c04c1b14519862301666987bfcd', '2020-04-24', null);
INSERT INTO `modelinfo` VALUES ('133', '一堆模型', '253', '65', '静态', '特种设备库', '汽车起重机', '1587717337388.png,1587717341334.png,1587717960559.jpg,1587717967233.png,1587717972315.jpg', '1587717345118.gltf', '<p><img src=\"http://192.168.2.107:6066//image/模型描述/1587717355381.png\" alt=\"\" width=\"1035\" height=\"582\" /></p>', '0', '1', '2020-04-24', '3eaa7216aece4c2685e62101e01f8b28', '1', '1', '00da3c04c1b14519862301666987bfcd', '2020-04-24', null);
INSERT INTO `modelinfo` VALUES ('134', '45', '45', '45', '动态', '特种设备库', '汽车起重机', '1587721426053.png', '1587721428661.gltf', '<p>李厚霖压顶无可奈何花落去李厚霖夺</p>', '0', '1', '2020-04-24', '3eaa7216aece4c2685e62101e01f8b28', '1', '0', null, null, null);
INSERT INTO `modelinfo` VALUES ('135', '567', '6', '67', '动态', '特种设备库', '汽车起重机', '1587721462015.png', '1587721465653.gltf', '<p>李厚霖压顶无可奈何花落去槈</p>', '0', '1', '2020-04-24', '3eaa7216aece4c2685e62101e01f8b28', '1', '1', '00da3c04c1b14519862301666987bfcd', '2020-04-24', null);

-- ----------------------------
-- Table structure for orderflow
-- ----------------------------
DROP TABLE IF EXISTS `orderflow`;
CREATE TABLE `orderflow` (
  `oid` varchar(50) NOT NULL,
  `orderstatus` int(11) DEFAULT NULL,
  `orderamount` varchar(50) DEFAULT NULL,
  `mids` varchar(255) DEFAULT NULL,
  `createtime` varchar(50) DEFAULT NULL,
  `paidtime` varchar(50) DEFAULT NULL,
  `paidmethod` int(11) DEFAULT NULL,
  `str1` varchar(50) DEFAULT NULL,
  `str2` varchar(50) DEFAULT NULL,
  `uid` varchar(50) DEFAULT NULL,
  `cycle` int(11) DEFAULT NULL
) ENGINE=InnoDB DEFAULT CHARSET=utf8;

-- ----------------------------
-- Records of orderflow
-- ----------------------------
INSERT INTO `orderflow` VALUES ('063e274dcc5c4fe497706fa79ecf8518', '0', '89.00', '67', '2020-04-15', null, '1', '1', null, '273aba27ab984b7ebd63b4a895898079', '4');
INSERT INTO `orderflow` VALUES ('06913d3e6de848b0af5b2e2cb18e0259', '0', '123.00', '73', '2020-04-15', null, '1', '1', null, '997d42b5eaa548b0b73340a411a7f8df', '4');
INSERT INTO `orderflow` VALUES ('091b0f502bf647fe9dd971d8fb5bb847', '0', '123.00', '73', '2020-04-15', null, '1', '1', null, '997d42b5eaa548b0b73340a411a7f8df', '4');
INSERT INTO `orderflow` VALUES ('09dd7f0c5e2743c187b5c58440eb07cb', '0', '153.00', '76', '2020-04-15', null, '1', '1', null, '997d42b5eaa548b0b73340a411a7f8df', '4');
INSERT INTO `orderflow` VALUES ('0a194b9d68734f1285d4c5678b152ddd', '1', '1530.00', '76', '2020-04-20', '2020-04-20', '3', '1', null, '68cd9b5cf6194294a537cffe8e5c9dd0', '4');
INSERT INTO `orderflow` VALUES ('0acecfd8450a40c581626306546eae7b', '0', '196.00', '77', '2020-04-15', null, '1', '1', null, '273aba27ab984b7ebd63b4a895898079', '4');
INSERT INTO `orderflow` VALUES ('0b7247885cc449edb174c09919653de9', '0', '20.00', '87', '2020-04-15', null, '1', '1', null, '997d42b5eaa548b0b73340a411a7f8df', '4');
INSERT INTO `orderflow` VALUES ('0c79f3b6741c45a7b38dbcb647d63471', '0', '89.00', '67', '2020-04-15', null, '1', '1', null, '273aba27ab984b7ebd63b4a895898079', '4');
INSERT INTO `orderflow` VALUES ('0e51bdde7eef44d2bac41f9afdb98251', '0', '89.00', '67', '2020-04-15', null, '1', '1', null, '273aba27ab984b7ebd63b4a895898079', '4');
INSERT INTO `orderflow` VALUES ('0e71a700369940a3a82217d233b88a15', '0', '1530.00', '76', '2020-04-20', null, '3', '1', null, '4499182d18e54e8f97f75c5c257d9afa', '4');
INSERT INTO `orderflow` VALUES ('11a165aa40394cd1988063ddd6d2ca5a', '1', '10.00', '113', '2020-04-17', '2020-04-17', '1', '1', null, '273aba27ab984b7ebd63b4a895898079', '4');
INSERT INTO `orderflow` VALUES ('11eaa671d235409ca1ccd46f55d701fd', '1', '854.00', '69', '2020-04-15', '2020-04-15', '1', '1', null, '997d42b5eaa548b0b73340a411a7f8df', '4');
INSERT INTO `orderflow` VALUES ('17c2b074ca3b4ea9b97504652fbcc1a4', '1', '123.00', '80', '2020-04-15', '2020-04-15', '1', '1', null, '997d42b5eaa548b0b73340a411a7f8df', '4');
INSERT INTO `orderflow` VALUES ('1b0eab109240402ab377c0c7609966d3', '0', '1.00', '113', '2020-04-17', null, '1', '1', null, '273aba27ab984b7ebd63b4a895898079', '4');
INSERT INTO `orderflow` VALUES ('1d827bf996664385a5ba14cc1ecdd0c5', '0', '.00', '113', '2020-04-17', null, '1', '1', null, '273aba27ab984b7ebd63b4a895898079', '1');
INSERT INTO `orderflow` VALUES ('1e80f545552b4e7da04498d905089c1a', '0', '123.00', '80', '2020-04-15', null, '1', '1', null, '997d42b5eaa548b0b73340a411a7f8df', '4');
INSERT INTO `orderflow` VALUES ('20578a916e6648758ca1056d839374a8', '0', '196.00', '77', '2020-04-15', null, '1', '1', null, '273aba27ab984b7ebd63b4a895898079', '4');
INSERT INTO `orderflow` VALUES ('2570c4b75a984c8e90fe6900b4e1978e', '0', '153.00', '76', '2020-04-15', null, '1', '1', null, '273aba27ab984b7ebd63b4a895898079', '4');
INSERT INTO `orderflow` VALUES ('29b36ad409a046d289e7f55c527c248b', '1', '243.00', '84', '2020-04-15', '2020-04-15', '1', '1', null, '273aba27ab984b7ebd63b4a895898079', '4');
INSERT INTO `orderflow` VALUES ('2cf73ccfec114a479eab2654b6430bb1', '0', '153.00', '76', '2020-04-15', null, '1', '1', null, '273aba27ab984b7ebd63b4a895898079', '4');
INSERT INTO `orderflow` VALUES ('3386a4ce09c24509a9452d3ec55f6b19', '0', '89.00', '67', '2020-04-15', null, '1', '1', null, '273aba27ab984b7ebd63b4a895898079', '4');
INSERT INTO `orderflow` VALUES ('354561bcf0bc4e35bbeb5705948e2325', '0', '89.00', '67', '2020-04-15', null, '1', '1', null, '273aba27ab984b7ebd63b4a895898079', '4');
INSERT INTO `orderflow` VALUES ('36c3adf1b8f544e4be57d3789e8da587', '0', '153.00', '76', '2020-04-15', null, '1', '1', null, '273aba27ab984b7ebd63b4a895898079', '4');
INSERT INTO `orderflow` VALUES ('378669e5a45f4a3a839ab39d58c698b4', '1', '153.00', '76', '2020-04-15', '2020-04-15', '1', '1', null, '997d42b5eaa548b0b73340a411a7f8df', '4');
INSERT INTO `orderflow` VALUES ('38b934e07eec42338a5850975aa3c39f', '1', '425.00', '70', '2020-04-15', '2020-04-15', '1', '1', null, '273aba27ab984b7ebd63b4a895898079', '4');
INSERT INTO `orderflow` VALUES ('3967bbf95bdb4108831d41f13fa66581', '0', '20.00', '87', '2020-04-15', null, '1', '1', null, '997d42b5eaa548b0b73340a411a7f8df', '4');
INSERT INTO `orderflow` VALUES ('3b69189f741d47ae9239848e59904db5', '0', '20.00', '87', '2020-04-15', null, '1', '1', null, '997d42b5eaa548b0b73340a411a7f8df', '4');
INSERT INTO `orderflow` VALUES ('45cdbb020dbd4c8ca2f2edcb1b95afd4', '1', '1250.00', '75', '2020-04-17', '2020-04-17', '3', '1', null, '68cd9b5cf6194294a537cffe8e5c9dd0', '4');
INSERT INTO `orderflow` VALUES ('496d3c84818040a8a409dd0ff67161d0', '1', '745.00', '83', '2020-04-15', '2020-04-15', '1', '1', null, '273aba27ab984b7ebd63b4a895898079', '4');
INSERT INTO `orderflow` VALUES ('4be666ff30004c0ca87f6e84d4dba442', '0', '196.00', '77', '2020-04-15', null, '1', '1', null, '273aba27ab984b7ebd63b4a895898079', '4');
INSERT INTO `orderflow` VALUES ('50b70e19baed4bab86a1799af59b00ac', '0', '20.00', '87', '2020-04-15', null, '1', '1', null, '273aba27ab984b7ebd63b4a895898079', '4');
INSERT INTO `orderflow` VALUES ('548e9ffac2be4a9699caf739820bffbc', '0', '1530.00', '76', '2020-04-20', null, '3', '1', null, '4499182d18e54e8f97f75c5c257d9afa', '4');
INSERT INTO `orderflow` VALUES ('5718c7ce7eb047698d7b4f1f9539ff3d', '1', '20.00', '87', '2020-04-15', '2020-04-15', '1', '1', null, '273aba27ab984b7ebd63b4a895898079', '4');
INSERT INTO `orderflow` VALUES ('5c1c650a6bdf4413b89ad46bcb342c3f', '0', '153.00', '76', '2020-04-15', null, '1', '1', null, '273aba27ab984b7ebd63b4a895898079', '4');
INSERT INTO `orderflow` VALUES ('601486f2b264470883bf1d16c7cb707a', '1', '88.00', '81', '2020-04-15', '2020-04-15', '1', '1', null, '997d42b5eaa548b0b73340a411a7f8df', '4');
INSERT INTO `orderflow` VALUES ('62cacdbdcbda41bca79fbcdcc65312b4', '0', '532.00', '78', '2020-04-17', null, '1', '1', null, '273aba27ab984b7ebd63b4a895898079', '4');
INSERT INTO `orderflow` VALUES ('651cdf438c7d40a586271e0d08cdbc92', '1', '5320.00', '78', '2020-04-17', '2020-04-17', '3', '1', null, '68cd9b5cf6194294a537cffe8e5c9dd0', '4');
INSERT INTO `orderflow` VALUES ('6a8330e2b39642099cc447147d66e98f', '0', '89.00', '67', '2020-04-15', null, '1', '1', null, '273aba27ab984b7ebd63b4a895898079', '4');
INSERT INTO `orderflow` VALUES ('7ad86ed93af94350ae71bd603c61b298', '0', '89.00', '67', '2020-04-15', null, '1', '1', null, '273aba27ab984b7ebd63b4a895898079', '4');
INSERT INTO `orderflow` VALUES ('7af891c492624246b6dcef69664a8091', '0', '.00', '67', '2020-04-17', null, '1', '1', null, '273aba27ab984b7ebd63b4a895898079', '4');
INSERT INTO `orderflow` VALUES ('7c1ec58abf534dcaab53f5240bc4be15', '1', '853.00', '72', '2020-04-15', '2020-04-15', '1', '1', null, '273aba27ab984b7ebd63b4a895898079', '4');
INSERT INTO `orderflow` VALUES ('7f3f4df97bc9492ab3932ad05a33474b', '0', '20.00', '87', '2020-04-15', null, '1', '1', null, '997d42b5eaa548b0b73340a411a7f8df', '4');
INSERT INTO `orderflow` VALUES ('7f4662381c6f4a05aa7a6d80ed198ff8', '0', '.00', '70', '2020-04-17', null, '1', '1', null, '4499182d18e54e8f97f75c5c257d9afa', '4');
INSERT INTO `orderflow` VALUES ('80a471370d9043c7b51ce371c4e58cdb', '0', '532.00', '78', '2020-04-15', null, '1', '1', null, '997d42b5eaa548b0b73340a411a7f8df', '4');
INSERT INTO `orderflow` VALUES ('83b02f351ad94ce5a7a0261d0177bd57', '0', '123.00', '80', '2020-04-15', null, '1', '1', null, '997d42b5eaa548b0b73340a411a7f8df', '4');
INSERT INTO `orderflow` VALUES ('850ddef76bf4433dbd932f28131204bf', '1', '20.00', '87', '2020-04-15', '2020-04-15', '1', '1', null, '997d42b5eaa548b0b73340a411a7f8df', '4');
INSERT INTO `orderflow` VALUES ('904ecce97d6f47279796f04d99c67512', '1', '7450.00', '83', '2020-04-17', '2020-04-17', '3', '1', null, '68cd9b5cf6194294a537cffe8e5c9dd0', '4');
INSERT INTO `orderflow` VALUES ('985ae412f209449da314f68e5fc1f8ec', '0', '89.00', '67', '2020-04-15', null, '1', '1', null, '273aba27ab984b7ebd63b4a895898079', '4');
INSERT INTO `orderflow` VALUES ('987e2e22505d4f25a6c50dcb3629970d', '0', '20.00', '87', '2020-04-15', null, '1', '1', null, '997d42b5eaa548b0b73340a411a7f8df', '4');
INSERT INTO `orderflow` VALUES ('9b8ce3da54784e32a2d79bafc16672ba', '0', '153.00', '76', '2020-01-18', null, '1', '1', null, '00da3c04c1b14519862301666987bfcd', '4');
INSERT INTO `orderflow` VALUES ('9c7d5d85d2ee43508980a51c50a35a6b', '0', '1530.00', '76', '2020-04-20', null, '3', '1', null, '4499182d18e54e8f97f75c5c257d9afa', '4');
INSERT INTO `orderflow` VALUES ('a0a85294c7bf4361851588a05106433a', '1', '123.00', '73', '2020-04-15', '2020-04-15', '1', '1', null, '273aba27ab984b7ebd63b4a895898079', '4');
INSERT INTO `orderflow` VALUES ('a0d80d5317714a6fa2e0ae1b95448e5b', '0', '20.00', '87', '2020-04-15', null, '1', '1', null, '273aba27ab984b7ebd63b4a895898079', '4');
INSERT INTO `orderflow` VALUES ('a83ace1ad9ff45a787bfb8f2047acbc7', '1', '196.00', '77', '2020-04-15', '2020-04-15', '1', '1', null, '997d42b5eaa548b0b73340a411a7f8df', '4');
INSERT INTO `orderflow` VALUES ('aa9cc0d3e94e4622844f6f07564743ea', '0', '20.00', '87', '2020-04-15', null, '1', '1', null, '273aba27ab984b7ebd63b4a895898079', '4');
INSERT INTO `orderflow` VALUES ('b6baf3884822436b869f16b21059d8c7', '0', '20.00', '87', '2020-04-15', null, '1', '1', null, '997d42b5eaa548b0b73340a411a7f8df', '4');
INSERT INTO `orderflow` VALUES ('b805ed46cf994b48933ccfa77ffcacdc', '0', '153.00', '76', '2020-04-17', null, '1', '1', null, '4499182d18e54e8f97f75c5c257d9afa', '4');
INSERT INTO `orderflow` VALUES ('b974f6ac9cd3405193ac22da0d8d4ac6', '0', '1530.00', '76', '2020-04-20', null, '3', '1', null, '4499182d18e54e8f97f75c5c257d9afa', '4');
INSERT INTO `orderflow` VALUES ('bdb3d2b6be6a49e89bc944d205227135', '1', '532.00', '78', '2020-04-15', '2020-04-15', '1', '1', null, '997d42b5eaa548b0b73340a411a7f8df', '4');
INSERT INTO `orderflow` VALUES ('bfdd91fbe9cc4795890e1e328d1659f4', '1', '8530.00', '82', '2020-04-17', '2020-04-17', '3', '1', null, '68cd9b5cf6194294a537cffe8e5c9dd0', '4');
INSERT INTO `orderflow` VALUES ('c084363cd8fe49378bebd76aa49ab7bb', '0', '89.00', '67', '2020-04-15', null, '1', '1', null, '273aba27ab984b7ebd63b4a895898079', '4');
INSERT INTO `orderflow` VALUES ('c59a2c09cfa442f3a2161885d2b9d7ae', '0', '153.00', '76', '2020-04-15', null, '1', '1', null, '273aba27ab984b7ebd63b4a895898079', '4');
INSERT INTO `orderflow` VALUES ('c79cc57a85ec4d10a46e2d29219640ab', '1', '685.00', '68', '2020-04-15', '2020-04-15', '1', '1', null, '273aba27ab984b7ebd63b4a895898079', '4');
INSERT INTO `orderflow` VALUES ('cb91aab72b7e45a8b3ce8b8309f820cb', '0', '89.00', '67', '2020-04-15', null, '1', '1', null, '273aba27ab984b7ebd63b4a895898079', '4');
INSERT INTO `orderflow` VALUES ('cd34d50f3cc94992a667da719b4d541c', '0', '89.00', '67', '2020-04-15', null, '1', '1', null, '273aba27ab984b7ebd63b4a895898079', '4');
INSERT INTO `orderflow` VALUES ('cf974b32f74c489cb138200270642e15', '0', '153.00', '76', '2020-04-15', null, '1', '1', null, '273aba27ab984b7ebd63b4a895898079', '4');
INSERT INTO `orderflow` VALUES ('d71c17b0b2524654894aa46252e2ae44', '1', '880.00', '81', '2020-04-17', '2020-04-17', '3', '1', null, '68cd9b5cf6194294a537cffe8e5c9dd0', '4');
INSERT INTO `orderflow` VALUES ('dad820e745bf4dd0bf825cd536459844', '1', '56.80', '79', '2020-04-15', '2020-04-15', '1', '1', null, '997d42b5eaa548b0b73340a411a7f8df', '4');
INSERT INTO `orderflow` VALUES ('dce4843da8674e10a315238ea8645f35', '0', '123.00', '80', '2020-04-17', null, '1', '1', null, '273aba27ab984b7ebd63b4a895898079', '4');
INSERT INTO `orderflow` VALUES ('dd9d65c33d084ec18000e4b8a88b79a3', '0', '123.00', '73', '2020-04-15', null, '1', '1', null, '997d42b5eaa548b0b73340a411a7f8df', '4');
INSERT INTO `orderflow` VALUES ('e24574821bd94f319a021420255adbd1', '0', '20.00', '87', '2020-04-15', null, '1', '1', null, '997d42b5eaa548b0b73340a411a7f8df', '4');
INSERT INTO `orderflow` VALUES ('e6f577829e374d34aa8b224187222fb1', '1', '4545.00', '85', '2020-04-15', '2020-04-15', '1', '1', null, '997d42b5eaa548b0b73340a411a7f8df', '4');
INSERT INTO `orderflow` VALUES ('ec5c2d26cd8c4b77abcce0f11de880eb', '1', '88.00', '81', '2020-04-15', '2020-04-15', '1', '1', null, '273aba27ab984b7ebd63b4a895898079', '4');
INSERT INTO `orderflow` VALUES ('f4a25cf36641485e9a75c6865405f369', '0', '89.00', '67', '2020-04-15', null, '1', '1', null, '273aba27ab984b7ebd63b4a895898079', '4');
INSERT INTO `orderflow` VALUES ('f54a8c3580ad4765a4c1c36de4449879', '1', '153.00', '76', '2020-04-15', '2020-04-15', '1', '1', null, '273aba27ab984b7ebd63b4a895898079', '4');
INSERT INTO `orderflow` VALUES ('fa0764c2e62c47699383721dca149f68', '0', '153.00', '76', '2020-04-15', null, '1', '1', null, '273aba27ab984b7ebd63b4a895898079', '4');
INSERT INTO `orderflow` VALUES ('fa8a5a3c6039455aa891dca08d3d8609', '0', '153.00', '76', '2020-04-15', null, '1', '1', null, '997d42b5eaa548b0b73340a411a7f8df', '4');
INSERT INTO `orderflow` VALUES ('ffe9ffbcaddd4b2185f64e013596702c', '0', '89.00', '67', '2020-04-15', null, '1', '1', null, '273aba27ab984b7ebd63b4a895898079', '4');
INSERT INTO `orderflow` VALUES ('8ca8d184d3a14395a9d86364fa92e063', '1', '10.00', '113', '2020-04-20', '2020-04-20', '3', '1', null, '68cd9b5cf6194294a537cffe8e5c9dd0', '4');
INSERT INTO `orderflow` VALUES ('544da37beac94b0aa5d726a03bbd3da8', '0', '34.00', '114', '2020-04-20', null, '1', '1', null, '68cd9b5cf6194294a537cffe8e5c9dd0', '4');
INSERT INTO `orderflow` VALUES ('11701ec4de5945d6b6f13da6828fc4cd', '1', '340.00', '114', '2020-04-20', '2020-04-20', '3', '1', null, '68cd9b5cf6194294a537cffe8e5c9dd0', '4');
INSERT INTO `orderflow` VALUES ('ae9b3794abde49a2a128e4e450751160', '1', '450.00', '117', '2020-04-20', '2020-04-20', '3', '1', null, '68cd9b5cf6194294a537cffe8e5c9dd0', '4');
INSERT INTO `orderflow` VALUES ('dfb64c806fd84c78bde34f21a34d9b8c', '1', '500.00', '118', '2020-04-20', '2020-04-20', '3', '1', null, '68cd9b5cf6194294a537cffe8e5c9dd0', '4');
INSERT INTO `orderflow` VALUES ('1e5d5a053e1743e9af56973a4c351153', '0', '50.00', '118', '2020-04-20', null, '1', '1', null, '4499182d18e54e8f97f75c5c257d9afa', '4');
INSERT INTO `orderflow` VALUES ('6fa05f6b84d44969a2f909757cb75eec', '0', '500.00', '118', '2020-04-20', null, '3', '1', null, '4499182d18e54e8f97f75c5c257d9afa', '4');
INSERT INTO `orderflow` VALUES ('4bddfc09324f4663b9a3eb28ac5b1580', '1', '1520.00', '119', '2020-04-20', '2020-04-20', '3', '1', null, '68cd9b5cf6194294a537cffe8e5c9dd0', '4');
INSERT INTO `orderflow` VALUES ('f5ab742c3fac4a318edcd435836a3e5f', '1', '450.00', '120', '2020-04-20', '2020-04-20', '3', '1', null, '68cd9b5cf6194294a537cffe8e5c9dd0', '4');
INSERT INTO `orderflow` VALUES ('e84f548180e54ce491c46e9fc25e4930', '0', '656.00', '112', '2020-04-20', null, '1', '1', null, '4499182d18e54e8f97f75c5c257d9afa', '1');
INSERT INTO `orderflow` VALUES ('bccc0c3a7f1043e29e3de3b8bbcc71c2', '0', '880.00', '81', '2020-04-20', null, '3', '1', null, '4499182d18e54e8f97f75c5c257d9afa', '4');
INSERT INTO `orderflow` VALUES ('db7e5d0f8696407283e2799e02f2bd82', '0', '39.80', '76', '2020-04-20', null, '1', '1', null, '4499182d18e54e8f97f75c5c257d9afa', '1');
INSERT INTO `orderflow` VALUES ('f2f4a54258ea4c8aa4dcb7b72e2f15e2', '0', '4.60', '81', '2020-04-20', null, '1', '1', null, '4499182d18e54e8f97f75c5c257d9afa', '1');
INSERT INTO `orderflow` VALUES ('2e2a6860f771498eb0be939a62f80d6c', '0', '153.00', '76', '2020-04-20', null, '1', '1', null, '4499182d18e54e8f97f75c5c257d9afa', '4');
INSERT INTO `orderflow` VALUES ('2d0cb3feb96c4eb6b27528c153e0f259', '0', '153.00', '76', '2020-04-20', null, '1', '1', null, '4499182d18e54e8f97f75c5c257d9afa', '4');
INSERT INTO `orderflow` VALUES ('67920153d22149cf8eb04585dab3c984', '0', '382.08', '76', '2020-04-20', null, '1', '1', null, '4499182d18e54e8f97f75c5c257d9afa', '3');
INSERT INTO `orderflow` VALUES ('dd46a5b7aa93453db3c1b0a488f23844', '1', '39.80', '76', '2020-04-20', '2020-04-20', '1', '1', null, '4499182d18e54e8f97f75c5c257d9afa', '1');
INSERT INTO `orderflow` VALUES ('4e718d213cf5410688e7ba5dec5e7090', '1', '518.40', '82', '2020-04-20', '2020-04-20', '1', '1', null, '4499182d18e54e8f97f75c5c257d9afa', '2');
INSERT INTO `orderflow` VALUES ('ea9bd2c0aecd4d84881773c9a75d30cb', '1', '6297.60', '112', '2020-04-20', '2020-04-20', '1', '1', null, '4499182d18e54e8f97f75c5c257d9afa', '3');
INSERT INTO `orderflow` VALUES ('4950ba54460a4a56b5c72d7f9f0bbe3e', '0', '606.72', '69', '2020-04-20', null, '1', '1', null, '4499182d18e54e8f97f75c5c257d9afa', '3');
INSERT INTO `orderflow` VALUES ('2e474600c493423fa85fda0a9dace460', '0', '606.72', '69', '2020-04-20', null, '1', '1', null, '4499182d18e54e8f97f75c5c257d9afa', '3');
INSERT INTO `orderflow` VALUES ('f6cffd0534064ea8b29e6dc9fede1876', '0', '88.00', '81', '2020-04-20', null, '1', '1', null, '4499182d18e54e8f97f75c5c257d9afa', '4');
INSERT INTO `orderflow` VALUES ('3946ad2ca2fe4aedaf662b502b1b4af3', '1', '257.28', '80', '2020-04-20', '2020-04-20', '1', '2', null, '4499182d18e54e8f97f75c5c257d9afa', '3');
INSERT INTO `orderflow` VALUES ('6b5e3e345533426da5e5bbf9d3e45e2e', '1', '44.16', '81', '2020-04-20', '2020-04-20', '1', '2', null, '4499182d18e54e8f97f75c5c257d9afa', '3');
INSERT INTO `orderflow` VALUES ('b03ec87efb384d78bbef8705d2be7e55', '1', '34.00', '114', '2020-04-20', '2020-04-20', '1', '1', null, '4499182d18e54e8f97f75c5c257d9afa', '4');
INSERT INTO `orderflow` VALUES ('480f692b03a64bc1bef14a451298e976', '1', '341.28', '69', '2020-04-20', '2020-04-20', '1', '1', null, '4499182d18e54e8f97f75c5c257d9afa', '2');
INSERT INTO `orderflow` VALUES ('af50d8a356974870af1045fdea6444f7', '1', '257.28', '80', '2020-04-20', '2020-04-20', '1', '2', null, '68cd9b5cf6194294a537cffe8e5c9dd0', '3');
INSERT INTO `orderflow` VALUES ('3ae815af4b4e4f0a9a996d9add27ce8e', '1', '257.28', '80', '2020-04-20', '2020-04-20', '1', '2', null, '68cd9b5cf6194294a537cffe8e5c9dd0', '3');
INSERT INTO `orderflow` VALUES ('95d0ece6293e468a96cb736abf501ac7', '1', '88.00', '81', '2020-04-20', '2020-04-20', '1', '2', null, '68cd9b5cf6194294a537cffe8e5c9dd0', '4');
INSERT INTO `orderflow` VALUES ('4c2d0ac7d0b24a3dabd58414a3fcacef', '1', '123.00', '80', '2020-04-20', '2020-04-20', '1', '2', null, '68cd9b5cf6194294a537cffe8e5c9dd0', '4');
INSERT INTO `orderflow` VALUES ('44c5cd0a8f8b4841a196b51c3fd4904e', '1', '153.00', '76', '2020-04-20', '2020-04-20', '1', '2', null, '68cd9b5cf6194294a537cffe8e5c9dd0', '4');
INSERT INTO `orderflow` VALUES ('bd35fae75f8e414897a54dfb48061cc5', '0', '152.00', '119', '2020-04-21', null, '1', '2', null, '68cd9b5cf6194294a537cffe8e5c9dd0', '4');
INSERT INTO `orderflow` VALUES ('f49012d58d80448eb6d3cf02ecee6bd9', '0', '153.00', '76', '2020-04-21', null, '1', '2', null, '68cd9b5cf6194294a537cffe8e5c9dd0', '4');
INSERT INTO `orderflow` VALUES ('461fcd3187e648b284a644ff4a5d4760', '0', '6297.60', '112', '2020-04-21', null, '1', '2', null, '4499182d18e54e8f97f75c5c257d9afa', '3');
INSERT INTO `orderflow` VALUES ('f9df40f7baa644249b66cb0b28d47c1a', '0', '95.04', '75', '2020-04-21', null, '1', '1', null, '4499182d18e54e8f97f75c5c257d9afa', '3');
INSERT INTO `orderflow` VALUES ('a156e0d852d64ad8a9a968769cdd9d07', '0', '6297.60', '112', '2020-04-21', null, '1', '2', null, '4499182d18e54e8f97f75c5c257d9afa', '3');
INSERT INTO `orderflow` VALUES ('7f32ea82ec7546bdbe0947904928300c', '0', '95.04', '75', '2020-04-21', null, '1', '2', null, '4499182d18e54e8f97f75c5c257d9afa', '3');
INSERT INTO `orderflow` VALUES ('2690dd6ae85a45d2a27159d18bcde8b4', '0', '6297.60', '112', '2020-04-22', null, '1', '2', null, '4499182d18e54e8f97f75c5c257d9afa', '3');
INSERT INTO `orderflow` VALUES ('ea958b6b1e714b66b31ba951878d1d8c', '0', '95.04', '75', '2020-04-22', null, '1', '2', null, '4499182d18e54e8f97f75c5c257d9afa', '3');
INSERT INTO `orderflow` VALUES ('bd22ce8240974ea983befc3f557c92c5', '0', '153.00', '76', '2020-04-22', null, '3', '2', null, '68cd9b5cf6194294a537cffe8e5c9dd0', '4');
INSERT INTO `orderflow` VALUES ('ec2fd4986a04417080b96edf53116966', '1', '950.40', '75', '2020-04-22', '2020-04-22', '3', '2', null, '4499182d18e54e8f97f75c5c257d9afa', '3');
INSERT INTO `orderflow` VALUES ('abdc3281e84743168143f297cb98a58e', '1', '62976.00', '112', '2020-04-22', '2020-04-22', '3', '2', null, '4499182d18e54e8f97f75c5c257d9afa', '3');
INSERT INTO `orderflow` VALUES ('dc9fda7b931b455e895362525ad6ab40', '1', '4806.00', '77', '2020-04-22', '2020-04-22', '3', '2', null, '4499182d18e54e8f97f75c5c257d9afa', '2');
INSERT INTO `orderflow` VALUES ('3db448e8875b4e6db7aa56bf580a8b03', '1', '10.00', '113', '2020-04-22', '2020-04-22', '3', '1', null, '4499182d18e54e8f97f75c5c257d9afa', '4');
INSERT INTO `orderflow` VALUES ('bbe4e3842bc441cc9166459037aa5a4b', '1', '10.00', '122', '2020-04-22', '2020-04-22', '3', '1', null, '4499182d18e54e8f97f75c5c257d9afa', '4');
INSERT INTO `orderflow` VALUES ('9e425c7579ad4624959c31369037c4c6', '1', '7450.00', '83', '2020-04-22', '2020-04-22', '3', '2', null, '4499182d18e54e8f97f75c5c257d9afa', '4');
INSERT INTO `orderflow` VALUES ('1c960ea574104895bc63d1c4f5030769', '1', '450.00', '120', '2020-04-22', '2020-04-22', '3', '2', null, '4499182d18e54e8f97f75c5c257d9afa', '4');
INSERT INTO `orderflow` VALUES ('90773512d68b4ea793eb532a1ba5ed6c', '1', '4800.00', '118', '2020-04-22', '2020-04-22', '3', '2', null, '4499182d18e54e8f97f75c5c257d9afa', '3');
INSERT INTO `orderflow` VALUES ('e2d6575d3bcc4cfd8829259cde6dfe91', '0', '45.00', '117', '2020-04-22', null, '1', '2', null, '4499182d18e54e8f97f75c5c257d9afa', '4');
INSERT INTO `orderflow` VALUES ('8ea5fc0ed96c49528a43407b8b27d9c8', '0', '45.00', '117', '2020-04-22', null, '1', '2', null, '4499182d18e54e8f97f75c5c257d9afa', '4');
INSERT INTO `orderflow` VALUES ('25700f34db8048c8b20fef44666a7083', '0', '1530.00', '76', '2020-04-23', null, '3', '2', null, '68cd9b5cf6194294a537cffe8e5c9dd0', '4');
INSERT INTO `orderflow` VALUES ('9cabbce4085a45eca4a9ce169e73a068', '0', '1530.00', '76', '2020-04-23', null, '3', '2', null, '68cd9b5cf6194294a537cffe8e5c9dd0', '4');
INSERT INTO `orderflow` VALUES ('87b97ae514f04d2aa279c7b5e8cc00e7', '0', '1530.00', '76', '2020-04-23', null, '3', '2', null, '68cd9b5cf6194294a537cffe8e5c9dd0', '4');
INSERT INTO `orderflow` VALUES ('eda380097c9545eb9be6daaa2f4b2444', '0', '1530.00', '76', '2020-04-23', null, '3', '2', null, '68cd9b5cf6194294a537cffe8e5c9dd0', '4');
INSERT INTO `orderflow` VALUES ('b78c9e94e8e649efbaee510887c015c2', '0', '39.80', '76', '2020-04-23', null, '1', '2', null, '4499182d18e54e8f97f75c5c257d9afa', '1');
INSERT INTO `orderflow` VALUES ('f47b997c075e45a09e2152391e4273f4', '1', '500.00', '118', '2020-04-23', '2020-04-23', '3', '2', null, '4499182d18e54e8f97f75c5c257d9afa', '4');
INSERT INTO `orderflow` VALUES ('d4d082def570405e8a72330d8f914975', '0', '56.80', '79', '2020-04-23', null, '1', '1', null, '4499182d18e54e8f97f75c5c257d9afa', '4');
INSERT INTO `orderflow` VALUES ('682cbfb7603d402c9b7f9f2c7c9def97', '1', '3820.80', '76', '2020-04-24', '2020-04-24', '3', '2', null, '4499182d18e54e8f97f75c5c257d9afa', '3');
INSERT INTO `orderflow` VALUES ('e1a1c42975cb41c3a7baadf6886590f2', '1', '110.00', '121', '2020-04-24', '2020-04-24', '3', '2', null, '4499182d18e54e8f97f75c5c257d9afa', '4');
INSERT INTO `orderflow` VALUES ('a519ce87c838498290ea58090a7e8542', '1', '.00', '73', '2020-04-24', '2020-04-24', '3', '2', null, '3eaa7216aece4c2685e62101e01f8b28', '4');
INSERT INTO `orderflow` VALUES ('f4d859f417a740afb5c87197c3960a57', '1', '880.00', '81', '2020-04-24', '2020-04-24', '3', '2', null, '3eaa7216aece4c2685e62101e01f8b28', '4');
INSERT INTO `orderflow` VALUES ('1bc0b8dc89fd4905bed73e42f1f7dbad', '1', '1230.00', '80', '2020-04-24', '2020-04-24', '3', '2', null, '3eaa7216aece4c2685e62101e01f8b28', '4');
INSERT INTO `orderflow` VALUES ('c7248ca680924c0da2fbcae59074424a', '1', '1530.00', '76', '2020-04-24', '2020-04-24', '3', '2', null, '3eaa7216aece4c2685e62101e01f8b28', '4');
INSERT INTO `orderflow` VALUES ('4911df36e3364e5aa416b45d750abec1', '1', '.00', '84', '2020-04-24', '2020-04-24', '3', '2', null, '3eaa7216aece4c2685e62101e01f8b28', '4');
INSERT INTO `orderflow` VALUES ('41da71ea08a444408550b08ed331e8dd', '1', '5320.00', '78', '2020-04-24', '2020-04-24', '3', '2', null, '3eaa7216aece4c2685e62101e01f8b28', '4');
INSERT INTO `orderflow` VALUES ('94bc4562cad9422a82b77fe40ded78c5', '1', '1250.00', '75', '2020-04-24', '2020-04-24', '3', '2', null, '3eaa7216aece4c2685e62101e01f8b28', '4');
INSERT INTO `orderflow` VALUES ('124f814d649d4fd1a4416c9cdb388b6a', '1', '.00', '68', '2020-04-24', '2020-04-24', '3', '2', null, '3eaa7216aece4c2685e62101e01f8b28', '4');
INSERT INTO `orderflow` VALUES ('9bfadd5d979544368c8b46ac4447bb34', '1', '1960.00', '77', '2020-04-24', '2020-04-24', '3', '2', null, '3eaa7216aece4c2685e62101e01f8b28', '4');
INSERT INTO `orderflow` VALUES ('55a8869e992841599687a9591bbe1659', '1', '10.00', '130', '2020-04-24', '2020-04-24', '3', '1', null, '3eaa7216aece4c2685e62101e01f8b28', '4');
INSERT INTO `orderflow` VALUES ('414469b5f7254b708346f147779f46da', '1', '340.00', '131', '2020-04-24', '2020-04-24', '3', '1', null, '3eaa7216aece4c2685e62101e01f8b28', '4');
INSERT INTO `orderflow` VALUES ('73a048857c70499c94fe74d25aa3deee', '0', '.00', '74', '2020-04-24', null, '1', '2', null, '3eaa7216aece4c2685e62101e01f8b28', '4');
INSERT INTO `orderflow` VALUES ('e8e25e8b001d48aca2c23cd9914f9bd7', '1', '.00', '74', '2020-04-24', '2020-04-24', '3', '2', null, '3eaa7216aece4c2685e62101e01f8b28', '4');
INSERT INTO `orderflow` VALUES ('abb81cd440884520a0ffdd435d25ac8f', '0', '1.00', '113', '2020-04-24', null, '1', '2', null, '3eaa7216aece4c2685e62101e01f8b28', '4');
INSERT INTO `orderflow` VALUES ('34f99bf06b594835835d1acfefe134b9', '1', '10.00', '113', '2020-04-24', '2020-04-24', '3', '2', null, '3eaa7216aece4c2685e62101e01f8b28', '4');

-- ----------------------------
-- Table structure for power
-- ----------------------------
DROP TABLE IF EXISTS `power`;
CREATE TABLE `power` (
  `id` int(11) NOT NULL AUTO_INCREMENT,
  `pid` int(11) DEFAULT NULL,
  `name` varchar(50) DEFAULT NULL,
  `url` varchar(255) DEFAULT NULL,
  PRIMARY KEY (`id`)
) ENGINE=InnoDB AUTO_INCREMENT=12 DEFAULT CHARSET=utf8;

-- ----------------------------
-- Records of power
-- ----------------------------
INSERT INTO `power` VALUES ('1', '0', '系统用户管理', null);
INSERT INTO `power` VALUES ('2', '1', '后台用户管理', null);
INSERT INTO `power` VALUES ('3', '1', '模型商城用户管理', null);
INSERT INTO `power` VALUES ('4', '0', '表单管理', null);
INSERT INTO `power` VALUES ('5', '6', '流程审核管理', null);
INSERT INTO `power` VALUES ('6', '0', '模型商城管理', null);
INSERT INTO `power` VALUES ('7', '6', '模型上传', null);
INSERT INTO `power` VALUES ('8', '6', '模型编辑', null);
INSERT INTO `power` VALUES ('9', '0', '大临文档管理', null);
INSERT INTO `power` VALUES ('10', '1', '角色管理', null);
INSERT INTO `power` VALUES ('11', '6', '购买记录', null);

-- ----------------------------
-- Table structure for role
-- ----------------------------
DROP TABLE IF EXISTS `role`;
CREATE TABLE `role` (
  `id` int(11) NOT NULL AUTO_INCREMENT,
  `name` varchar(50) DEFAULT NULL,
  `remark` varchar(255) DEFAULT NULL,
  `creattime` varchar(50) DEFAULT NULL,
  PRIMARY KEY (`id`)
) ENGINE=InnoDB AUTO_INCREMENT=35 DEFAULT CHARSET=utf8;

-- ----------------------------
-- Records of role
-- ----------------------------
INSERT INTO `role` VALUES ('1', '超级管理', '管理所有的人员', '2020-01-14 11:22:11');
INSERT INTO `role` VALUES ('2', '管理员', '管理部分功能', '2020-02-14 11:22:11');
INSERT INTO `role` VALUES ('3', '用户', '管理模型', '2020-03-14 11:22:11');
INSERT INTO `role` VALUES ('31', '模型管理员', '管理模型列表', '2020-04-16 11:43:12');

-- ----------------------------
-- Table structure for role_power
-- ----------------------------
DROP TABLE IF EXISTS `role_power`;
CREATE TABLE `role_power` (
  `powerid` int(11) DEFAULT NULL,
  `roleid` int(11) DEFAULT NULL
) ENGINE=InnoDB DEFAULT CHARSET=utf8;

-- ----------------------------
-- Records of role_power
-- ----------------------------
INSERT INTO `role_power` VALUES ('1', '1');
INSERT INTO `role_power` VALUES ('2', '1');
INSERT INTO `role_power` VALUES ('3', '1');
INSERT INTO `role_power` VALUES ('4', '1');
INSERT INTO `role_power` VALUES ('5', '1');
INSERT INTO `role_power` VALUES ('6', '1');
INSERT INTO `role_power` VALUES ('7', '1');
INSERT INTO `role_power` VALUES ('8', '1');
INSERT INTO `role_power` VALUES ('9', '1');
INSERT INTO `role_power` VALUES ('1', '7');
INSERT INTO `role_power` VALUES ('2', '7');
INSERT INTO `role_power` VALUES ('6', '17');
INSERT INTO `role_power` VALUES ('7', '17');
INSERT INTO `role_power` VALUES ('8', '17');
INSERT INTO `role_power` VALUES ('9', '17');
INSERT INTO `role_power` VALUES ('1', '28');
INSERT INTO `role_power` VALUES ('2', '28');
INSERT INTO `role_power` VALUES ('3', '28');
INSERT INTO `role_power` VALUES ('4', '28');
INSERT INTO `role_power` VALUES ('5', '28');
INSERT INTO `role_power` VALUES ('6', '28');
INSERT INTO `role_power` VALUES ('7', '28');
INSERT INTO `role_power` VALUES ('8', '28');
INSERT INTO `role_power` VALUES ('9', '28');
INSERT INTO `role_power` VALUES ('3', '29');
INSERT INTO `role_power` VALUES ('4', '29');
INSERT INTO `role_power` VALUES ('5', '29');
INSERT INTO `role_power` VALUES ('6', '29');
INSERT INTO `role_power` VALUES ('7', '29');
INSERT INTO `role_power` VALUES ('8', '29');
INSERT INTO `role_power` VALUES ('9', '29');
INSERT INTO `role_power` VALUES ('10', '1');
INSERT INTO `role_power` VALUES ('1', '2');
INSERT INTO `role_power` VALUES ('2', '2');
INSERT INTO `role_power` VALUES ('3', '2');
INSERT INTO `role_power` VALUES ('10', '2');
INSERT INTO `role_power` VALUES ('6', '2');
INSERT INTO `role_power` VALUES ('7', '2');
INSERT INTO `role_power` VALUES ('8', '2');
INSERT INTO `role_power` VALUES ('9', '2');
INSERT INTO `role_power` VALUES ('4', '30');
INSERT INTO `role_power` VALUES ('6', '30');
INSERT INTO `role_power` VALUES ('7', '30');
INSERT INTO `role_power` VALUES ('8', '30');
INSERT INTO `role_power` VALUES ('6', '31');
INSERT INTO `role_power` VALUES ('5', '31');
INSERT INTO `role_power` VALUES ('7', '31');
INSERT INTO `role_power` VALUES ('8', '31');
INSERT INTO `role_power` VALUES ('1', '32');
INSERT INTO `role_power` VALUES ('2', '32');
INSERT INTO `role_power` VALUES ('3', '32');
INSERT INTO `role_power` VALUES ('10', '32');
INSERT INTO `role_power` VALUES ('6', '32');
INSERT INTO `role_power` VALUES ('5', '32');
INSERT INTO `role_power` VALUES ('7', '32');
INSERT INTO `role_power` VALUES ('8', '32');
INSERT INTO `role_power` VALUES ('9', '32');
INSERT INTO `role_power` VALUES ('1', '33');
INSERT INTO `role_power` VALUES ('2', '33');
INSERT INTO `role_power` VALUES ('3', '33');
INSERT INTO `role_power` VALUES ('10', '33');
INSERT INTO `role_power` VALUES ('1', '34');
INSERT INTO `role_power` VALUES ('2', '34');
INSERT INTO `role_power` VALUES ('3', '34');
INSERT INTO `role_power` VALUES ('10', '34');
INSERT INTO `role_power` VALUES ('6', '34');
INSERT INTO `role_power` VALUES ('5', '34');
INSERT INTO `role_power` VALUES ('7', '34');
INSERT INTO `role_power` VALUES ('8', '34');
INSERT INTO `role_power` VALUES ('11', '1');
INSERT INTO `role_power` VALUES ('7', '3');
INSERT INTO `role_power` VALUES ('8', '3');
INSERT INTO `role_power` VALUES ('11', '3');
INSERT INTO `role_power` VALUES ('6', '3');

-- ----------------------------
-- Table structure for shoppingcart
-- ----------------------------
DROP TABLE IF EXISTS `shoppingcart`;
CREATE TABLE `shoppingcart` (
  `sid` varchar(50) NOT NULL,
  `uid` varchar(50) DEFAULT NULL,
  `mid` int(11) DEFAULT NULL,
  `account` varchar(50) DEFAULT NULL,
  `cycle` int(11) DEFAULT NULL,
  `status` int(11) DEFAULT '0',
  `starttime` varchar(50) DEFAULT NULL,
  `endtime` varchar(50) DEFAULT NULL,
  `str1` varchar(50) DEFAULT NULL,
  `str2` varchar(50) DEFAULT NULL,
  `str3` varchar(50) DEFAULT NULL,
  PRIMARY KEY (`sid`)
) ENGINE=InnoDB DEFAULT CHARSET=utf8;

-- ----------------------------
-- Records of shoppingcart
-- ----------------------------
INSERT INTO `shoppingcart` VALUES ('4fbc2308fbac4f86bfe4afdb00f1a8a2', '68cd9b5cf6194294a537cffe8e5c9dd0', '119', null, '4', '0', null, null, null, null, null);
INSERT INTO `shoppingcart` VALUES ('64dea04f326f4b26a46f56f3d0bd3bbb', '273aba27ab984b7ebd63b4a895898079', '78', null, '4', '0', null, null, null, null, null);
INSERT INTO `shoppingcart` VALUES ('af07a849b9594af79f431d0be7e99219', '68cd9b5cf6194294a537cffe8e5c9dd0', '76', '153', '4', '0', null, null, null, null, null);
INSERT INTO `shoppingcart` VALUES ('c5a9553076d04cecad367ae15e099728', '273aba27ab984b7ebd63b4a895898079', '73', null, '4', '0', null, null, null, null, null);

-- ----------------------------
-- Table structure for userinfo
-- ----------------------------
DROP TABLE IF EXISTS `userinfo`;
CREATE TABLE `userinfo` (
  `userid` varchar(50) NOT NULL,
  `nickname` varchar(50) DEFAULT NULL,
  `username` varchar(50) DEFAULT NULL,
  `password` varchar(255) DEFAULT NULL,
  `status` int(11) DEFAULT NULL,
  `phone` varchar(50) DEFAULT NULL,
  `registertime` varchar(50) DEFAULT NULL,
  `role` int(11) DEFAULT NULL,
  `oldip` varchar(50) DEFAULT NULL,
  PRIMARY KEY (`userid`)
) ENGINE=InnoDB DEFAULT CHARSET=utf8;

-- ----------------------------
-- Records of userinfo
-- ----------------------------
INSERT INTO `userinfo` VALUES ('00da3c04c1b14519862301666987bfcd', 'admin', 'admin', 'e10adc3949ba59abbe56e057f20f883e', '1', '13007188506', '2020-01-07 15:54:50', '1', '192.168.2.107');
INSERT INTO `userinfo` VALUES ('336d17728a9b4ca092f6c4870f83b80d', 'lujian', 'lujian', 'e10adc3949ba59abbe56e057f20f883e', '1', '13121541241', '2020-01-18 15:06:47', '2', null);
INSERT INTO `userinfo` VALUES ('3eaa7216aece4c2685e62101e01f8b28', '13163395287', '13163395287', 'e10adc3949ba59abbe56e057f20f883e', '1', '13163395287', '2020-04-23 09:54:25', '3', '192.168.2.107');
INSERT INTO `userinfo` VALUES ('4499182d18e54e8f97f75c5c257d9afa', '13007188506', '13007188506', 'e10adc3949ba59abbe56e057f20f883e', '1', '13121541411', '2020-04-16 17:41:54', '3', '192.168.2.107');
INSERT INTO `userinfo` VALUES ('ae7f2d6a5614425a9365af5bcf5655e6', 'zhangsan', 'lujian1', '25f9e794323b453885f5181f1b624d0b', '1', '13163695287', '2020-01-18 16:11:18', '3', null);
INSERT INTO `userinfo` VALUES ('ed47ceeb962844b086b0110eaba73b9a', 'test', 'test', 'e10adc3949ba59abbe56e057f20f883e', '1', '13163395287', '2020-04-15 09:48:59', '31', null);

-- ----------------------------
-- Table structure for usermessage
-- ----------------------------
DROP TABLE IF EXISTS `usermessage`;
CREATE TABLE `usermessage` (
  `userid` varchar(50) NOT NULL,
  `nickname` varchar(50) DEFAULT NULL,
  `username` varchar(50) DEFAULT NULL,
  `password` varchar(255) DEFAULT NULL,
  `status` int(11) DEFAULT '1',
  `registertime` varchar(50) DEFAULT NULL,
  `account` double DEFAULT NULL,
  `email` varchar(50) DEFAULT NULL,
  PRIMARY KEY (`userid`)
) ENGINE=InnoDB DEFAULT CHARSET=utf8;

-- ----------------------------
-- Records of usermessage
-- ----------------------------
INSERT INTO `usermessage` VALUES ('273aba27ab984b7ebd63b4a895898079', '13163395286', '13163395286', 'e10adc3949ba59abbe56e057f20f883e', '1', '2020-01-07 14:34:05', '11990', '528758879@qq.com');
INSERT INTO `usermessage` VALUES ('3eaa7216aece4c2685e62101e01f8b28', '13163395287', '13163395287', 'e10adc3949ba59abbe56e057f20f883e', '1', '2020-04-23 09:54:25', '111350', '528758879@qq.com');
INSERT INTO `usermessage` VALUES ('4499182d18e54e8f97f75c5c257d9afa', '13007188506', '13007188506', 'e10adc3949ba59abbe56e057f20f883e', '1', '2020-04-16 17:41:54', '14116.8', '1972689216@qq.com');

-- ----------------------------
-- Function structure for getChildList
-- ----------------------------
DROP FUNCTION IF EXISTS `getChildList`;
DELIMITER ;;
CREATE DEFINER=`root`@`localhost` FUNCTION `getChildList`(rootId INT) RETURNS varchar(1000) CHARSET utf8
BEGIN
    DECLARE sTemp VARCHAR(1000);
    DECLARE sTempChd VARCHAR(1000);
 
    SET sTemp = '$';
    SET sTempChd =cast(rootId as CHAR);
 
    WHILE sTempChd is not null DO
        SET sTemp = concat(sTemp,',',sTempChd);
        SELECT group_concat(id) INTO sTempChd FROM  alltype where FIND_IN_SET(pid,sTempChd)>0;
    END WHILE;
    RETURN sTemp; 
END
;;
DELIMITER ;

-- ----------------------------
-- Function structure for getParList
-- ----------------------------
DROP FUNCTION IF EXISTS `getParList`;
DELIMITER ;;
CREATE DEFINER=`root`@`localhost` FUNCTION `getParList`(rootId INT) RETURNS varchar(1000) CHARSET utf8
BEGIN
    DECLARE sTemp VARCHAR(1000);
    DECLARE sTempPar VARCHAR(1000); 
    SET sTemp = ''; 
    SET sTempPar =rootId; 
 
    #循环递归
    WHILE sTempPar is not null DO 
        #判断是否是第一个，不加的话第一个会为空
        IF sTemp != '' THEN
            SET sTemp = concat(sTemp,',',sTempPar);
        ELSE
            SET sTemp = sTempPar;
        END IF;
        SET sTemp = concat(sTemp,',',sTempPar); 
        SELECT group_concat(pid) INTO sTempPar FROM alltype where pid<>id and FIND_IN_SET(id,sTempPar)>0; 
    END WHILE; 
 
RETURN sTemp; 
END
;;
DELIMITER ;
